SL. NO,EQUIPMENT TAG,EQUIPMENT LOCATION,AREA SERVED,APPLICATION,CAPACITY (CMH / TR),STATIC PRESSURE IN MM / HEAD IN M,EQUIPMENT TYPE,MODEL NO.,POWER INPUT IN KW,QUANTITY,V-PH-Hz,WORKING / STANDBY,PHASE,STARTER TYPE
1,CHILLER-1,CHILLER PLANT ROOM,ENTIRE PLANT,CHILLED WATER PRODUCTION,600,-,WATER-COOLED CENTRIFUGAL CHILLER,YKDGDHQ75COF-SS,360,1,415V-3Ph-50Hz,WORKING,PHASE-1,DIRECT FEEDER
2,CHILLER-2,CHILLER PLANT ROOM,ENTIRE PLANT,CHILLED WATER PRODUCTION,600,-,WATER-COOLED CENTRIFUGAL CHILLER,YKDGDHQ75COF-SS,360,1,415V-3Ph-50Hz,WORKING,PHASE-1,DIRECT FEEDER
3,CHILLER-3,CHILLER PLANT ROOM,ENTIRE PLANT,CHILLED WATER PRODUCTION,600,-,WATER-COOLED CENTRIFUGAL CHILLER,YKDGDHQ75COF-VSD,360,1,415V-3Ph-50Hz,WORKING,PHASE-2,DIRECT FEEDER
4,CHILLER-4,CHILLER PLANT ROOM,ENTIRE PLANT,CHILLED WATER PRODUCTION,600,-,WATER-COOLED CENTRIFUGAL CHILLER,YKDGDHQ75COF-VSD,360,1,415V-3Ph-50Hz,WORKING,PHASE-2,DIRECT FEEDER
5,CHILLER-5,CHILLER PLANT ROOM,ENTIRE PLANT,CHILLED WATER PRODUCTION,284,-,AIR-COOLED SCREW CHILLER,YGAS300,380,1,415V-3Ph-50Hz,WORKING,PHASE-1,DIRECT FEEDER
6,CHILLER-6,CHILLER PLANT ROOM,ENTIRE PLANT,CHILLED WATER PRODUCTION,284,-,AIR-COOLED SCREW CHILLER,YGAS300,380,1,415V-3Ph-50Hz,WORKING,PHASE-1,DIRECT FEEDER
7,CHILLER-7,CHILLER PLANT ROOM,ENTIRE PLANT,CHILLED WATER PRODUCTION,284,-,AIR-COOLED SCREW CHILLER,YGAS300,380,1,415V-3Ph-50Hz,WORKING,PHASE-2,DIRECT FEEDER
8,CHILLER-8,CHILLER PLANT ROOM,ENTIRE PLANT,CHILLED WATER PRODUCTION,284,-,AIR-COOLED SCREW CHILLER,YGAS300,380,1,415V-3Ph-50Hz,WORKING,PHASE-2,DIRECT FEEDER
9,CHWP-1,CHILLER PLANT ROOM,ENTIRE PLANT,PRIMARY CHILLED WATER PUMP,328,20,LONG-COUPLED CENTRIFUGAL PUMP,NK-,30,1,415V-3Ph-50Hz,WORKING,PHASE-1,VFD STARTER
10,CHWP-2,CHILLER PLANT ROOM,ENTIRE PLANT,PRIMARY CHILLED WATER PUMP,328,20,LONG-COUPLED CENTRIFUGAL PUMP,NK-,30,1,415V-3Ph-50Hz,WORKING,PHASE-1,VFD STARTER
11,CHWP-3,CHILLER PLANT ROOM,ENTIRE PLANT,PRIMARY CHILLED WATER PUMP,328,20,LONG-COUPLED CENTRIFUGAL PUMP,NK-,30,1,415V-3Ph-50Hz,STANDBY,PHASE-1,VFD STARTER
12,CHWP-4,CHILLER PLANT ROOM,ENTIRE PLANT,PRIMARY CHILLED WATER PUMP,163,20,LONG-COUPLED CENTRIFUGAL PUMP,NK-,20,1,415V-3Ph-50Hz,WORKING,PHASE-1,VFD STARTER
13,CHWP-5,CHILLER PLANT ROOM,ENTIRE PLANT,PRIMARY CHILLED WATER PUMP,163,20,LONG-COUPLED CENTRIFUGAL PUMP,NK-,20,1,415V-3Ph-50Hz,WORKING,PHASE-1,VFD STARTER
14,CHWP-6,CHILLER PLANT ROOM,ENTIRE PLANT,PRIMARY CHILLED WATER PUMP,163,20,LONG-COUPLED CENTRIFUGAL PUMP,NK-,20,1,415V-3Ph-50Hz,STANDBY,PHASE-1,VFD STARTER
15,CHWP-13,CHILLER PLANT ROOM,ENTIRE PLANT,PRIMARY CHILLED WATER PUMP,328,20,LONG-COUPLED CENTRIFUGAL PUMP,NK-,30,1,415V-3Ph-50Hz,WORKING,PHASE-2,VFD STARTER
16,CHWP-14,CHILLER PLANT ROOM,ENTIRE PLANT,PRIMARY CHILLED WATER PUMP,328,20,LONG-COUPLED CENTRIFUGAL PUMP,NK-,30,1,415V-3Ph-50Hz,WORKING,PHASE-2,VFD STARTER
17,CHWP-15,CHILLER PLANT ROOM,ENTIRE PLANT,PRIMARY CHILLED WATER PUMP,163,20,LONG-COUPLED CENTRIFUGAL PUMP,NK-,20,1,415V-3Ph-50Hz,WORKING,PHASE-2,VFD STARTER
18,CHWP-16,CHILLER PLANT ROOM,ENTIRE PLANT,PRIMARY CHILLED WATER PUMP,163,20,LONG-COUPLED CENTRIFUGAL PUMP,NK-,20,1,415V-3Ph-50Hz,WORKING,PHASE-2,VFD STARTER
19,CDP-1,CHILLER PLANT ROOM,ENTIRE PLANT,CONDENSER WATER PUMP,545,25,LONG-COUPLED CENTRIFUGAL PUMP,NK-,55,1,415V-3Ph-50Hz,WORKING,PHASE-1,STAR DELTA STARTER WITH MPCB
20,CDP-2,CHILLER PLANT ROOM,ENTIRE PLANT,CONDENSER WATER PUMP,545,25,LONG-COUPLED CENTRIFUGAL PUMP,NK-,55,1,415V-3Ph-50Hz,WORKING,PHASE-1,STAR DELTA STARTER WITH MPCB
21,CDP-3,CHILLER PLANT ROOM,ENTIRE PLANT,CONDENSER WATER PUMP,545,25,LONG-COUPLED CENTRIFUGAL PUMP,NK-,55,1,415V-3Ph-50Hz,STANDBY,PHASE-1,STAR DELTA STARTER WITH MPCB
22,CDP-4,CHILLER PLANT ROOM,ENTIRE PLANT,CONDENSER WATER PUMP,545,25,LONG-COUPLED CENTRIFUGAL PUMP,NK-,55,1,415V-3Ph-50Hz,WORKING,PHASE-2,STAR DELTA STARTER WITH MPCB
23,CDP-5,CHILLER PLANT ROOM,ENTIRE PLANT,CONDENSER WATER PUMP,545,25,LONG-COUPLED CENTRIFUGAL PUMP,NK-,55,1,415V-3Ph-50Hz,WORKING,PHASE-2,STAR DELTA STARTER WITH MPCB
24,PWP-1,CHILLER PLANT ROOM,ENTIRE PLANT,SECONDARY CHILLED WATER,205,20,LONG-COUPLED CENTRIFUGAL PUMP,NK-,20,1,415V-3Ph-50Hz,WORKING,PHASE-1,VFD STARTER
25,PWP-2,CHILLER PLANT ROOM,ENTIRE PLANT,SECONDARY CHILLED WATER,205,20,LONG-COUPLED CENTRIFUGAL PUMP,NK-,20,1,415V-3Ph-50Hz,WORKING,PHASE-1,VFD STARTER
26,PWP-3,CHILLER PLANT ROOM,ENTIRE PLANT,SECONDARY CHILLED WATER,205,20,LONG-COUPLED CENTRIFUGAL PUMP,NK-,20,1,415V-3Ph-50Hz,WORKING,PHASE-1,VFD STARTER
27,PWP-20,CHILLER PLANT ROOM,ENTIRE PLANT,SECONDARY CHILLED WATER,205,20,LONG-COUPLED CENTRIFUGAL PUMP,NK-,20,1,415V-3Ph-50Hz,WORKING,PHASE-2,VFD STARTER
28,CT-1,CHILLER PLANT ROOM,ENTIRE PLANT,FOR WATER-COOLED CONDENSER,750,-,COOLING TOWER,-,15,1,415V-3Ph-50Hz,WORKING,PHASE-1,STAR DELTA STARTER WITH MPCB
29,CT-2,CHILLER PLANT ROOM,ENTIRE PLANT,FOR WATER-COOLED CONDENSER,750,-,COOLING TOWER,-,15,1,415V-3Ph-50Hz,WORKING,PHASE-1,STAR DELTA STARTER WITH MPCB
30,CT-3,CHILLER PLANT ROOM,ENTIRE PLANT,FOR WATER-COOLED CONDENSER,750,-,COOLING TOWER,-,15,1,415V-3Ph-50Hz,WORKING,PHASE-1,STAR DELTA STARTER WITH MPCB
31,CT-4,CHILLER PLANT ROOM,ENTIRE PLANT,FOR WATER-COOLED CONDENSER,750,-,COOLING TOWER,-,15,1,415V-3Ph-50Hz,WORKING,PHASE-2,STAR DELTA STARTER WITH MPCB
32,BAN-F.A.FAN-01,BANBUARY 8.0M LVL,BANBURY 0.0M LVL,FRESH AIR SUPPLY,105825,40,DIDW CENTRIFUGAL FAN,BDB 1250 TM,30,1,415V-3Ph-50Hz,WORKING,PHASE-1,STAR DELTA STARTER WITH MPCB
33,BAN-F.A.FAN-02,BANBUARY 8.0M LVL,BANBURY 0.0M LVL,FRESH AIR SUPPLY,105825,40,DIDW CENTRIFUGAL FAN,BDB 1250 TM,30,1,415V-3Ph-50Hz,WORKING,PHASE-1,STAR DELTA STARTER WITH MPCB
34,BAN-F.A.FAN-03,BANBUARY 8.0M LVL,BANBURY 0.0M LVL,FRESH AIR SUPPLY,105825,40,DIDW CENTRIFUGAL FAN,BDB 1250 TM,30,1,415V-3Ph-50Hz,WORKING,PHASE-1,STAR DELTA STARTER WITH MPCB
35,BAN-F.A.FAN-04,BANBUARY 8.0M LVL,BANBURY 0.0M LVL,FRESH AIR SUPPLY,105825,40,DIDW CENTRIFUGAL FAN,BDB 1250 TM,30,1,415V-3Ph-50Hz,WORKING,PHASE-1,STAR DELTA STARTER WITH MPCB
36,BAN-F.A.FAN-05,BANBUARY 8.0M LVL,BANBURY 0.0M LVL,FRESH AIR SUPPLY,105825,40,DIDW CENTRIFUGAL FAN,BDB 1250 TM,30,1,415V-3Ph-50Hz,WORKING,PHASE-1,STAR DELTA STARTER WITH MPCB
37,BAN-F.A.FAN-06,BANBUARY 8.0M LVL,BANBURY 0.0M LVL,FRESH AIR SUPPLY,105825,40,DIDW CENTRIFUGAL FAN,BDB 1250 TM,30,1,415V-3Ph-50Hz,WORKING,PHASE-1,STAR DELTA STARTER WITH MPCB
38,BAN-E.A.FAN-01,BANBUARY 0.0M LVL,BANBURY 0.0M LVL,EXHAUST AIR,68000,50,TUBE AXIAL FAN,TDA 1400,15,1,415V-3Ph-50Hz,WORKING,PHASE-1,STAR DELTA STARTER WITH MPCB
39,BAN-E.A.FAN-02,BANBUARY 0.0M LVL,BANBURY 0.0M LVL,EXHAUST AIR,68000,50,TUBE AXIAL FAN,TDA 1400,15,1,415V-3Ph-50Hz,WORKING,PHASE-1,STAR DELTA STARTER WITH MPCB
40,BAN-E.A.FAN-03,BANBUARY 0.0M LVL,BANBURY 0.0M LVL,EXHAUST AIR,68000,50,TUBE AXIAL FAN,TDA 1400,15,1,415V-3Ph-50Hz,WORKING,PHASE-1,STAR DELTA STARTER WITH MPCB
41,BAN-E.A.FAN-04,BANBUARY 0.0M LVL,BANBURY 0.0M LVL,EXHAUST AIR,68000,50,TUBE AXIAL FAN,TDA 1400,15,1,415V-3Ph-50Hz,WORKING,PHASE-1,STAR DELTA STARTER WITH MPCB
42,BAN-E.A.FAN-05,BANBUARY 0.0M LVL,BANBURY 0.0M LVL,EXHAUST AIR,68000,50,TUBE AXIAL FAN,TDA 1400,15,1,415V-3Ph-50Hz,WORKING,PHASE-1,STAR DELTA STARTER WITH MPCB
43,BAN-E.A.FAN-06,BANBUARY 0.0M LVL,BANBURY 0.0M LVL,EXHAUST AIR,68000,50,TUBE AXIAL FAN,TDA 1400,15,1,415V-3Ph-50Hz,WORKING,PHASE-1,STAR DELTA STARTER WITH MPCB
44,BAN-E.A.FAN-07,BANBUARY 8.0M LVL,BANBURY 0.0M LVL,FUME EXHAUST,68000,40,TUBE AXIAL FAN,VDA 1400,22,1,415V-3Ph-50Hz,WORKING,PHASE-1,STAR DELTA STARTER WITH MPCB
45,BAN-E.A.FAN-08,BANBUARY 8.0M LVL,BANBURY 0.0M LVL,FUME EXHAUST,68000,40,TUBE AXIAL FAN,VDA 1400,22,1,415V-3Ph-50Hz,WORKING,PHASE-1,STAR DELTA STARTER WITH MPCB
46,BAN-E.A.FAN-09,BANBUARY 8.0M LVL,BANBUARY 8.0M LVL,EXHAUST AIR,3400,15,TUBE AXIAL FAN,TDA 355,0.55,1,415V-3Ph-50Hz,WORKING,PHASE-1,DOL STARTER WITH MPCB
47,BAN-E.A.FAN-10,BANBUARY 8.0M LVL,BANBUARY 8.0M LVL,EXHAUST AIR,3400,15,TUBE AXIAL FAN,TDA 355,0.55,1,415V-3Ph-50Hz,WORKING,PHASE-1,DOL STARTER WITH MPCB
48,BAN-E.A.FAN-11,BANBUARY 8.0M LVL,BANBUARY 8.0M LVL,EXHAUST AIR,3400,15,TUBE AXIAL FAN,TDA 355,0.55,1,415V-3Ph-50Hz,WORKING,PHASE-1,DOL STARTER WITH MPCB
49,BAN-E.A.FAN-12,BANBUARY 8.0M LVL,BANBUARY 8.0M LVL,EXHAUST AIR,3400,15,TUBE AXIAL FAN,TDA 355,0.55,1,415V-3Ph-50Hz,WORKING,PHASE-1,DOL STARTER WITH MPCB
50,BAN-E.A.FAN-13,BANBUARY 8.0M LVL,BANBUARY 8.0M LVL,EXHAUST AIR,3400,15,TUBE AXIAL FAN,TDA 355,0.55,1,415V-3Ph-50Hz,WORKING,PHASE-1,DOL STARTER WITH MPCB
51,BAN-E.A.FAN-14,BANBUARY 8.0M LVL,BANBUARY 8.0M LVL,EXHAUST AIR,3400,15,TUBE AXIAL FAN,TDA 355,0.55,1,415V-3Ph-50Hz,WORKING,PHASE-1,DOL STARTER WITH MPCB
52,BAN-E.A.FAN-15,BANBUARY 8.0M LVL,BANBURY 5.5M LVL,EXHAUST AIR,34000,10,TUBE AXIAL FAN,TDA 1000,4,1,415V-3Ph-50Hz,WORKING,PHASE-1,DOL STARTER WITH MPCB
53,BAN-E.A.FAN-16,BANBUARY 8.0M LVL,BANBURY 5.5M LVL,EXHAUST AIR,34000,10,TUBE AXIAL FAN,TDA 1000,4,1,415V-3Ph-50Hz,WORKING,PHASE-1,DOL STARTER WITH MPCB
54,BAN-E.A.FAN-17,BANBUARY 8.0M LVL,BANBUARY 8.0M LVL,EXHAUST AIR,3400,15,TUBE AXIAL FAN,TDA 355,0.55,1,415V-3Ph-50Hz,WORKING,PHASE-1,DOL STARTER WITH MPCB
55,BAN-E.A.FAN-18,BANBUARY 8.0M LVL,BANBUARY 8.0M LVL,EXHAUST AIR,3400,15,TUBE AXIAL FAN,TDA 355,0.55,1,415V-3Ph-50Hz,WORKING,PHASE-1,DOL STARTER WITH MPCB
56,BAN-F.A.FAN-07,BANBUARY 16.0M LVL,BANBUARY 16.0M LVL,FRESH AIR SUPPLY,4250,15,TUBE AXIAL FAN,TDA 450,0.55,1,415V-3Ph-50Hz,WORKING,PHASE-1,DOL STARTER WITH MPCB
57,BAN-E.A.FAN-19,BANBUARY 16.0M LVL,BANBUARY 16.0M LVL,EXHAUST AIR,4250,15,TUBE AXIAL FAN,TDA 450,0.55,1,415V-3Ph-50Hz,WORKING,PHASE-1,DOL STARTER WITH MPCB
58,BAN-F.A.FAN-08,BANBUARY 21.0M LVL,BANBUARY 21.0M LVL,FRESH AIR SUPPLY,2200,15,TUBE AXIAL FAN,TDA 315,0.37,1,415V-3Ph-50Hz,WORKING,PHASE-1,DOL STARTER WITH MPCB
59,BAN-F.A.FAN-09,BANBUARY 21.0M LVL,BANBUARY 21.0M LVL,FRESH AIR SUPPLY,2200,15,TUBE AXIAL FAN,TDA 315,0.37,1,415V-3Ph-50Hz,WORKING,PHASE-1,DOL STARTER WITH MPCB
60,BAN-F.A.FAN-10,BANBUARY 21.0M LVL,BANBUARY 21.0M LVL,FRESH AIR SUPPLY,2200,15,TUBE AXIAL FAN,TDA 315,0.37,1,415V-3Ph-50Hz,WORKING,PHASE-1,DOL STARTER WITH MPCB
61,BAN-E.A.FAN-20,BANBUARY 21.0M LVL,BANBUARY 21.0M LVL,EXHAUST AIR,2200,15,TUBE AXIAL FAN,TDA 315,0.37,1,415V-3Ph-50Hz,WORKING,PHASE-1,DOL STARTER WITH MPCB
62,BAN-E.A.FAN-21,BANBUARY 21.0M LVL,BANBUARY 21.0M LVL,EXHAUST AIR,2200,15,TUBE AXIAL FAN,TDA 315,0.37,1,415V-3Ph-50Hz,WORKING,PHASE-1,DOL STARTER WITH MPCB
63,BAN-E.A.FAN-22,BANBUARY 21.0M LVL,BANBUARY 21.0M LVL,EXHAUST AIR,2200,15,TUBE AXIAL FAN,TDA 315,0.37,1,415V-3Ph-50Hz,WORKING,PHASE-1,DOL STARTER WITH MPCB
64,BAN-F.A.FAN-11,BANBUARY 8.0M LVL,BANBURY 0.0M LVL,FRESH AIR SUPPLY,105825,40,DIDW CENTRIFUGAL FAN,BDB 1250 TM,30,1,415V-3Ph-50Hz,WORKING,PHASE-2,STAR DELTA STARTER WITH MPCB
65,BAN-F.A.FAN-12,BANBUARY 8.0M LVL,BANBURY 0.0M LVL,FRESH AIR SUPPLY,105825,40,DIDW CENTRIFUGAL FAN,BDB 1250 TM,30,1,415V-3Ph-50Hz,WORKING,PHASE-2,STAR DELTA STARTER WITH MPCB
66,BAN-F.A.FAN-13,BANBUARY 8.0M LVL,BANBURY 0.0M LVL,FRESH AIR SUPPLY,105825,40,DIDW CENTRIFUGAL FAN,BDB 1250 TM,30,1,415V-3Ph-50Hz,WORKING,PHASE-2,STAR DELTA STARTER WITH MPCB
67,BAN-F.A.FAN-14,BANBUARY 8.0M LVL,BANBURY 0.0M LVL,FRESH AIR SUPPLY,105825,40,DIDW CENTRIFUGAL FAN,BDB 1250 TM,30,1,415V-3Ph-50Hz,WORKING,PHASE-2,STAR DELTA STARTER WITH MPCB
68,BAN-F.A.FAN-15,BANBUARY 8.0M LVL,BANBURY 0.0M LVL,FRESH AIR SUPPLY,105825,40,DIDW CENTRIFUGAL FAN,BDB 1250 TM,30,1,415V-3Ph-50Hz,WORKING,PHASE-2,STAR DELTA STARTER WITH MPCB
69,BAN-F.A.FAN-16,BANBUARY 8.0M LVL,BANBURY 0.0M LVL,FRESH AIR SUPPLY,105825,40,DIDW CENTRIFUGAL FAN,BDB 1250 TM,30,1,415V-3Ph-50Hz,WORKING,PHASE-2,STAR DELTA STARTER WITH MPCB
70,BAN-F.A.FAN-17,BANBUARY 8.0M LVL,BANBURY 0.0M LVL,FRESH AIR SUPPLY,105825,40,DIDW CENTRIFUGAL FAN,BDB 1250 TM,30,1,415V-3Ph-50Hz,WORKING,PHASE-2,STAR DELTA STARTER WITH MPCB
71,BAN-F.A.FAN-18,BANBUARY 8.0M LVL,BANBURY 0.0M LVL,FRESH AIR SUPPLY,105825,40,DIDW CENTRIFUGAL FAN,BDB 1250 TM,30,1,415V-3Ph-50Hz,WORKING,PHASE-2,STAR DELTA STARTER WITH MPCB
72,BAN-F.A.FAN-19,BANBUARY 8.0M LVL,BANBURY 0.0M LVL,FRESH AIR SUPPLY,105825,40,DIDW CENTRIFUGAL FAN,BDB 1250 TM,30,1,415V-3Ph-50Hz,WORKING,PHASE-2,STAR DELTA STARTER WITH MPCB
73,BAN-F.A.FAN-20,BANBUARY 8.0M LVL,BANBURY 0.0M LVL,FRESH AIR SUPPLY,105825,40,DIDW CENTRIFUGAL FAN,BDB 1250 TM,30,1,415V-3Ph-50Hz,WORKING,PHASE-2,STAR DELTA STARTER WITH MPCB
74,BAN-E.A.FAN-47,BANBUARY 8.0M LVL ROOF MONITOR,BANBUARY 8.0M LVL,EXHAUST AIR,3400,15,TUBE AXIAL FAN,TDA 355,0.55,1,415V-3Ph-50Hz,WORKING,PHASE-2,DOL STARTER WITH MPCB
75,BAN-E.A.FAN-48,BANBUARY 8.0M LVL ROOF MONITOR,BANBUARY 8.0M LVL,EXHAUST AIR,3400,15,TUBE AXIAL FAN,TDA 355,0.55,1,415V-3Ph-50Hz,WORKING,PHASE-2,DOL STARTER WITH MPCB
76,BAN-E.A.FAN-49,BANBUARY 8.0M LVL ROOF MONITOR,BANBUARY 8.0M LVL,EXHAUST AIR,3400,15,TUBE AXIAL FAN,TDA 355,0.55,1,415V-3Ph-50Hz,WORKING,PHASE-2,DOL STARTER WITH MPCB
77,BAN-E.A.FAN-50,BANBUARY 8.0M LVL ROOF MONITOR,BANBUARY 8.0M LVL,EXHAUST AIR,3400,15,TUBE AXIAL FAN,TDA 355,0.55,1,415V-3Ph-50Hz,WORKING,PHASE-2,DOL STARTER WITH MPCB
78,BAN-E.A.FAN-51,BANBUARY 8.0M LVL ROOF MONITOR,BANBUARY 8.0M LVL,EXHAUST AIR,3400,15,TUBE AXIAL FAN,TDA 355,0.55,1,415V-3Ph-50Hz,WORKING,PHASE-2,DOL STARTER WITH MPCB
79,BAN-E.A.FAN-52,BANBUARY 8.0M LVL ROOF MONITOR,BANBUARY 8.0M LVL,EXHAUST AIR,3400,15,TUBE AXIAL FAN,TDA 355,0.55,1,415V-3Ph-50Hz,WORKING,PHASE-2,DOL STARTER WITH MPCB
80,BAN-E.A.FAN-53,BANBUARY 8.0M LVL ROOF MONITOR,BANBUARY 8.0M LVL,EXHAUST AIR,3400,15,TUBE AXIAL FAN,TDA 355,0.55,1,415V-3Ph-50Hz,WORKING,PHASE-2,DOL STARTER WITH MPCB
81,BAN-E.A.FAN-54,BANBUARY 8.0M LVL ROOF MONITOR,BANBUARY 8.0M LVL,EXHAUST AIR,3400,15,TUBE AXIAL FAN,TDA 355,0.55,1,415V-3Ph-50Hz,WORKING,PHASE-2,DOL STARTER WITH MPCB
82,BAN-E.A.FAN-55,BANBUARY 8.0M LVL ROOF MONITOR,BANBUARY 8.0M LVL,EXHAUST AIR,3400,15,TUBE AXIAL FAN,TDA 355,0.55,1,415V-3Ph-50Hz,WORKING,PHASE-2,DOL STARTER WITH MPCB
83,BAN-E.A.FAN-56,BANBUARY 8.0M LVL ROOF MONITOR,BANBUARY 8.0M LVL,EXHAUST AIR,3400,15,TUBE AXIAL FAN,TDA 355,0.55,1,415V-3Ph-50Hz,WORKING,PHASE-2,DOL STARTER WITH MPCB
84,BAN-E.A.FAN-57,BANBUARY 8.0M LVL ROOF MONITOR,BANBUARY 8.0M LVL,EXHAUST AIR,3400,15,TUBE AXIAL FAN,TDA 355,0.55,1,415V-3Ph-50Hz,WORKING,PHASE-2,DOL STARTER WITH MPCB
85,BAN-E.A.FAN-58,BANBUARY 8.0M LVL ROOF MONITOR,BANBUARY 8.0M LVL,EXHAUST AIR,3400,15,TUBE AXIAL FAN,TDA 355,0.55,1,415V-3Ph-50Hz,WORKING,PHASE-2,DOL STARTER WITH MPCB
86,BAN-E.A.FAN-59,BANBUARY 8.0M LVL ROOF MONITOR,BANBUARY 8.0M LVL,EXHAUST AIR,3400,15,TUBE AXIAL FAN,TDA 355,0.55,1,415V-3Ph-50Hz,WORKING,PHASE-2,DOL STARTER WITH MPCB
87,BAN-E.A.FAN-60,BANBUARY 8.0M LVL ROOF MONITOR,BANBUARY 8.0M LVL,EXHAUST AIR,3400,15,TUBE AXIAL FAN,TDA 355,0.55,1,415V-3Ph-50Hz,WORKING,PHASE-2,DOL STARTER WITH MPCB
88,BAN-F.A.FAN-21,BANBUARY 16.0M LVL,BANBUARY 16.0M LVL,FRESH AIR SUPPLY,4250,15,TUBE AXIAL FAN,TDA 450,0.55,1,415V-3Ph-50Hz,WORKING,PHASE-2,DOL STARTER WITH MPCB
89,BAN-E.A.FAN-61,BANBUARY 16.0M LVL,BANBUARY 16.0M LVL,EXHAUST AIR,4250,15,TUBE AXIAL FAN,TDA 450,0.55,1,415V-3Ph-50Hz,WORKING,PHASE-2,DOL STARTER WITH MPCB
90,BAN-F.A.FAN-22,BANBUARY 16.0M LVL,BANBUARY 16.0M LVL,FRESH AIR SUPPLY,4250,15,TUBE AXIAL FAN,TDA 450,0.55,1,415V-3Ph-50Hz,WORKING,PHASE-2,DOL STARTER WITH MPCB
91,BAN-E.A.FAN-62,BANBUARY 16.0M LVL,BANBUARY 16.0M LVL,EXHAUST AIR,4250,15,TUBE AXIAL FAN,TDA 450,0.55,1,415V-3Ph-50Hz,WORKING,PHASE-2,DOL STARTER WITH MPCB
92,BAN-F.A.FAN-23,BANBUARY 21.0M LVL,BANBUARY 21.0M LVL,FRESH AIR SUPPLY,2200,15,TUBE AXIAL FAN,TDA 315,0.37,1,415V-3Ph-50Hz,WORKING,PHASE-2,DOL STARTER WITH MPCB
93,BAN-F.A.FAN-24,BANBUARY 21.0M LVL,BANBUARY 21.0M LVL,FRESH AIR SUPPLY,2200,15,TUBE AXIAL FAN,TDA 315,0.37,1,415V-3Ph-50Hz,WORKING,PHASE-2,DOL STARTER WITH MPCB
94,BAN-F.A.FAN-25,BANBUARY 21.0M LVL,BANBUARY 21.0M LVL,FRESH AIR SUPPLY,2200,15,TUBE AXIAL FAN,TDA 315,0.37,1,415V-3Ph-50Hz,WORKING,PHASE-2,DOL STARTER WITH MPCB
95,BAN-F.A.FAN-26,BANBUARY 21.0M LVL,BANBUARY 21.0M LVL,FRESH AIR SUPPLY,2200,15,TUBE AXIAL FAN,TDA 315,0.37,1,415V-3Ph-50Hz,WORKING,PHASE-2,DOL STARTER WITH MPCB
96,BAN-F.A.FAN-27,BANBUARY 21.0M LVL,BANBUARY 21.0M LVL,FRESH AIR SUPPLY,2200,15,TUBE AXIAL FAN,TDA 315,0.37,1,415V-3Ph-50Hz,WORKING,PHASE-2,DOL STARTER WITH MPCB
97,BAN-F.A.FAN-28,BANBUARY 21.0M LVL,BANBUARY 21.0M LVL,FRESH AIR SUPPLY,2200,15,TUBE AXIAL FAN,TDA 315,0.37,1,415V-3Ph-50Hz,WORKING,PHASE-2,DOL STARTER WITH MPCB
98,BAN-E.A.FAN-63,BANBUARY 21.0M LVL,BANBUARY 21.0M LVL,EXHAUST AIR,2200,15,TUBE AXIAL FAN,TDA 315,0.37,1,415V-3Ph-50Hz,WORKING,PHASE-2,DOL STARTER WITH MPCB
99,BAN-E.A.FAN-64,BANBUARY 21.0M LVL,BANBUARY 21.0M LVL,EXHAUST AIR,2200,15,TUBE AXIAL FAN,TDA 315,0.37,1,415V-3Ph-50Hz,WORKING,PHASE-2,DOL STARTER WITH MPCB
100,BAN-E.A.FAN-65,BANBUARY 21.0M LVL,BANBUARY 21.0M LVL,EXHAUST AIR,2200,15,TUBE AXIAL FAN,TDA 315,0.37,1,415V-3Ph-50Hz,WORKING,PHASE-2,DOL STARTER WITH MPCB
101,BAN-E.A.FAN-66,BANBUARY 21.0M LVL,BANBUARY 21.0M LVL,EXHAUST AIR,2200,15,TUBE AXIAL FAN,TDA 315,0.37,1,415V-3Ph-50Hz,WORKING,PHASE-2,DOL STARTER WITH MPCB
102,BAN-E.A.FAN-67,BANBUARY 21.0M LVL,BANBUARY 21.0M LVL,EXHAUST AIR,2200,15,TUBE AXIAL FAN,TDA 315,0.37,1,415V-3Ph-50Hz,WORKING,PHASE-2,DOL STARTER WITH MPCB
103,BAN-E.A.FAN-68,BANBUARY 21.0M LVL,BANBUARY 21.0M LVL,EXHAUST AIR,2200,15,TUBE AXIAL FAN,TDA 315,0.37,1,415V-3Ph-50Hz,WORKING,PHASE-2,DOL STARTER WITH MPCB
104,BAN-E.A.FAN-23,BANBUARY 8.0M LVL,BANBURY 0.0M LVL,EXHAUST AIR,68000,50,TUBE AXIAL FAN,TDA 1400,15,1,415V-3Ph-50Hz,WORKING,PHASE-2,STAR DELTA STARTER WITH MPCB
105,BAN-E.A.FAN-24,BANBUARY 8.0M LVL,BANBURY 0.0M LVL,EXHAUST AIR,68000,50,TUBE AXIAL FAN,TDA 1400,15,1,415V-3Ph-50Hz,WORKING,PHASE-2,STAR DELTA STARTER WITH MPCB
106,BAN-E.A.FAN-25,BANBUARY 8.0M LVL,BANBURY 0.0M LVL,EXHAUST AIR,68000,50,TUBE AXIAL FAN,TDA 1400,15,1,415V-3Ph-50Hz,WORKING,PHASE-2,STAR DELTA STARTER WITH MPCB
107,BAN-E.A.FAN-26,BANBUARY 0.0M LVL,BANBURY 0.0M LVL,EXHAUST AIR,68000,50,TUBE AXIAL FAN,TDA 1400,15,1,415V-3Ph-50Hz,WORKING,PHASE-2,STAR DELTA STARTER WITH MPCB
108,BAN-E.A.FAN-27,BANBUARY 0.0M LVL,BANBURY 0.0M LVL,EXHAUST AIR,68000,50,TUBE AXIAL FAN,TDA 1400,15,1,415V-3Ph-50Hz,WORKING,PHASE-2,STAR DELTA STARTER WITH MPCB
109,BAN-E.A.FAN-28,BANBUARY 0.0M LVL,BANBURY 0.0M LVL,EXHAUST AIR,68000,50,TUBE AXIAL FAN,TDA 1400,15,1,415V-3Ph-50Hz,WORKING,PHASE-2,STAR DELTA STARTER WITH MPCB
110,BAN-E.A.FAN-29,BANBUARY 0.0M LVL,BANBURY 0.0M LVL,EXHAUST AIR,68000,50,TUBE AXIAL FAN,TDA 1400,15,1,415V-3Ph-50Hz,WORKING,PHASE-2,STAR DELTA STARTER WITH MPCB
111,BAN-E.A.FAN-30,BANBUARY 0.0M LVL,BANBURY 0.0M LVL,EXHAUST AIR,68000,50,TUBE AXIAL FAN,TDA 1400,15,1,415V-3Ph-50Hz,WORKING,PHASE-2,STAR DELTA STARTER WITH MPCB
112,BAN-E.A.FAN-31,BANBUARY 0.0M LVL,BANBURY 0.0M LVL,EXHAUST AIR,68000,50,TUBE AXIAL FAN,TDA 1400,15,1,415V-3Ph-50Hz,WORKING,PHASE-2,STAR DELTA STARTER WITH MPCB
113,BAN-E.A.FAN-32,BANBUARY 0.0M LVL,BANBURY 0.0M LVL,EXHAUST AIR,68000,50,TUBE AXIAL FAN,TDA 1400,15,1,415V-3Ph-50Hz,WORKING,PHASE-2,STAR DELTA STARTER WITH MPCB
114,BAN-E.A.FAN-33,BANBUARY 0.0M LVL,BANBURY 0.0M LVL,EXHAUST AIR,68000,50,TUBE AXIAL FAN,TDA 1400,15,1,415V-3Ph-50Hz,WORKING,PHASE-2,STAR DELTA STARTER WITH MPCB
115,BAN-E.A.FAN-34,BANBUARY 0.0M LVL,BANBURY 0.0M LVL,EXHAUST AIR,68000,50,TUBE AXIAL FAN,TDA 1400,15,1,415V-3Ph-50Hz,WORKING,PHASE-2,STAR DELTA STARTER WITH MPCB
116,BAN-E.A.FAN-35,BANBUARY 0.0M LVL,BANBURY 0.0M LVL,EXHAUST AIR,68000,50,TUBE AXIAL FAN,TDA 1400,15,1,415V-3Ph-50Hz,WORKING,PHASE-2,STAR DELTA STARTER WITH MPCB
117,BAN-E.A.FAN-36,BANBUARY 0.0M LVL,BANBURY 0.0M LVL,EXHAUST AIR,68000,50,TUBE AXIAL FAN,TDA 1400,15,1,415V-3Ph-50Hz,WORKING,PHASE-2,STAR DELTA STARTER WITH MPCB
118,BAN-E.A.FAN-37,BANBUARY 0.0M LVL,BANBURY 0.0M LVL,EXHAUST AIR,68000,50,TUBE AXIAL FAN,TDA 1400,15,1,415V-3Ph-50Hz,WORKING,PHASE-2,STAR DELTA STARTER WITH MPCB
119,BAN-E.A.FAN-38,BANBUARY 0.0M LVL,BANBURY 0.0M LVL,EXHAUST AIR,68000,50,TUBE AXIAL FAN,TDA 1400,15,1,415V-3Ph-50Hz,WORKING,PHASE-2,STAR DELTA STARTER WITH MPCB
120,BAN-E.A.FAN-39,BANBUARY 0.0M LVL,BANBURY 0.0M LVL,EXHAUST AIR,68000,50,TUBE AXIAL FAN,TDA 1400,15,1,415V-3Ph-50Hz,WORKING,PHASE-2,STAR DELTA STARTER WITH MPCB
121,BAN-E.A.FAN-40,BANBUARY 0.0M LVL,BANBURY 0.0M LVL,EXHAUST AIR,68000,50,TUBE AXIAL FAN,TDA 1400,15,1,415V-3Ph-50Hz,WORKING,PHASE-2,STAR DELTA STARTER WITH MPCB
122,BAN-E.A.FAN-41,BANBUARY 8.0M LVL,BANBURY 0.0M LVL,FUME EXHAUST,68000,40,VANE AXIAL FAN,VDA 1400,22,1,415V-3Ph-50Hz,WORKING,PHASE-2,STAR DELTA STARTER WITH MPCB
123,BAN-E.A.FAN-42,BANBUARY 8.0M LVL,BANBURY 0.0M LVL,FUME EXHAUST,68000,40,VANE AXIAL FAN,VDA 1400,22,1,415V-3Ph-50Hz,WORKING,PHASE-2,STAR DELTA STARTER WITH MPCB
124,BAN-E.A.FAN-43,BANBUARY 8.0M LVL,BANBURY 0.0M LVL,FUME EXHAUST,68000,40,VANE AXIAL FAN,VDA 1400,22,1,415V-3Ph-50Hz,WORKING,PHASE-2,STAR DELTA STARTER WITH MPCB
125,BAN-E.A.FAN-44,BANBUARY 8.0M LVL,BANBURY 0.0M LVL,FUME EXHAUST,68000,40,VANE AXIAL FAN,VDA 1400,22,1,415V-3Ph-50Hz,WORKING,PHASE-2,STAR DELTA STARTER WITH MPCB
126,BAN-E.A.FAN-45,BANBUARY 8.0M LVL,BANBURY 0.0M LVL,FUME EXHAUST,68000,40,VANE AXIAL FAN,VDA 1400,22,1,415V-3Ph-50Hz,WORKING,PHASE-2,STAR DELTA STARTER WITH MPCB
127,BAN-E.A.FAN-46,BANBUARY 8.0M LVL,BANBURY 0.0M LVL,FUME EXHAUST,68000,40,VANE AXIAL FAN,VDA 1400,22,1,415V-3Ph-50Hz,WORKING,PHASE-2,STAR DELTA STARTER WITH MPCB
128,PWP-04,BANBUARY 0.0M LVL,BANBURY F-270 MILLS,PROCESS WATER,80,20,CLOSE-COUPLED CENTRIFUGAL PUMP,NB-,7.5,1,415V-3Ph-50Hz,WORKING,PHASE-1,STAR DELTA STARTER WITH MPCB
129,PWP-05,BANBUARY 0.0M LVL,BANBURY F-270 MILLS,PROCESS WATER,80,20,CLOSE-COUPLED CENTRIFUGAL PUMP,NB-,7.5,1,415V-3Ph-50Hz,STANDBY,PHASE-1,STAR DELTA STARTER WITH MPCB
130,PWP-12,BANBUARY 9.5M LVL,BANBURY F-440 DRIVE COOLING,PROCESS WATER,18,15,CLOSE-COUPLED CENTRIFUGAL PUMP,NB-,1.1,1,415V-3Ph-50Hz,WORKING,PHASE-1,DOL STARTER WITH MPCB
131,PWP-13,BANBUARY 9.5M LVL,BANBURY F-440 DRIVE COOLING,PROCESS WATER,18,15,CLOSE-COUPLED CENTRIFUGAL PUMP,NB-,1.1,1,415V-3Ph-50Hz,STANDBY,PHASE-1,DOL STARTER WITH MPCB
132,PWP-14,BANBUARY 9.5M LVL,BANBURY F-270 DRIVE COOLING,PROCESS WATER,10,15,CLOSE-COUPLED CENTRIFUGAL PUMP,NB-,1.5,1,415V-3Ph-50Hz,WORKING,PHASE-1,DOL STARTER WITH MPCB
133,PWP-15,BANBUARY 9.5M LVL,BANBURY F-270 DRIVE COOLING,PROCESS WATER,10,15,CLOSE-COUPLED CENTRIFUGAL PUMP,NB-,1.5,1,415V-3Ph-50Hz,STANDBY,PHASE-1,DOL STARTER WITH MPCB
134,PWP-21,BANBUARY 9.5M LVL,BANBURY F-270 MILLS,PROCESS WATER,350,25,LONG-COUPLED CENTRIFUGAL PUMP,NK-,20,1,415V-3Ph-50Hz,WORKING,PHASE-2,VFD STARTER
135,PWP-22,BANBUARY 9.5M LVL,BANBURY F-270 MILLS,PROCESS WATER,350,25,LONG-COUPLED CENTRIFUGAL PUMP,NK-,20,1,415V-3Ph-50Hz,STANDBY,PHASE-2,VFD STARTER
136,PWP-25,BANBUARY 9.5M LVL,BANBURY DRIVE COOLING (6#),PROCESS WATER,100,25,CLOSE-COUPLED CENTRIFUGAL PUMP,NB-,15,1,415V-3Ph-50Hz,WORKING,PHASE-2,VFD STARTER
137,PWP-26,BANBUARY 9.5M LVL,BANBURY DRIVE COOLING (6#),PROCESS WATER,100,25,CLOSE-COUPLED CENTRIFUGAL PUMP,NB-,15,1,415V-3Ph-50Hz,STANDBY,PHASE-2,VFD STARTER
138,CSAHU ,BANBUARY 8.0M LVL,BANBUARY 8.0M LVL CONTROL ROOM,AIR-CONDITIONING,5,-,CEILING SUSPENDED AHU,-,1.1,1,415V-3Ph-50Hz,WORKING,PHASE-1,DOL STARTER WITH MPCB
139,CSAHU ,BANBUARY 8.0M LVL,BANBUARY 8.0M LVL CONTROL ROOM,AIR-CONDITIONING,5,-,CEILING SUSPENDED AHU,-,1.1,1,415V-3Ph-50Hz,WORKING,PHASE-1,DOL STARTER WITH MPCB
140,CSAHU ,BANBUARY 8.0M LVL,BANBUARY 8.0M LVL CONTROL ROOM,AIR-CONDITIONING,7.5,25,CEILING SUSPENDED AHU,,3,1,415V-3Ph-50Hz,WORKING,PHASE-2,DOL STARTER WITH MPCB
141,CSAHU ,BANBUARY 8.0M LVL,BANBUARY 8.0M LVL CONTROL ROOM,AIR-CONDITIONING,7.5,25,CEILING SUSPENDED AHU,,3,1,415V-3Ph-50Hz,WORKING,PHASE-2,DOL STARTER WITH MPCB
142,CSAHU ,BANBUARY 8.0M LVL,BANBUARY 8.0M LVL CONTROL ROOM,AIR-CONDITIONING,7.5,25,CEILING SUSPENDED AHU,,3,1,415V-3Ph-50Hz,WORKING,PHASE-2,DOL STARTER WITH MPCB
143,CSAHU ,BANBUARY 8.0M LVL,BANBUARY 8.0M LVL CONTROL ROOM,AIR-CONDITIONING,5,25,CEILING SUSPENDED AHU,,1.1,1,415V-3Ph-50Hz,WORKING,PHASE-2,DOL STARTER WITH MPCB
144,CSAHU ,RMS BUILDING,CHEMICAL AREA STORAGE,AIR-CONDITIONING,7.5,25,CEILING SUSPENDED AHU,,3,1,415V-3Ph-50Hz,WORKING,PHASE-2,DOL STARTER WITH MPCB
145,CSAHU ,RMS BUILDING,CHEMICAL AREA STORAGE,AIR-CONDITIONING,7.5,25,CEILING SUSPENDED AHU,,3,1,415V-3Ph-50Hz,WORKING,PHASE-2,DOL STARTER WITH MPCB
146,AHU-RMS-01,RMS BUILDING,AUTO-CHEMICAL AREA BELOW MEZZ.,AIR-CONDITIONING,28,40,FLOOR MOUNTED THERMAL BREAK AHU,,15.5,1,415V-3Ph-50Hz,WORKING,PHASE-2,STAR DELTA STARTER WITH MPCB
147,AHU-RMS-02,RMS BUILDING,AUTO-CHEMICAL AREA BELOW MEZZ.,AIR-CONDITIONING,28,40,FLOOR MOUNTED THERMAL BREAK AHU,,15.5,1,415V-3Ph-50Hz,WORKING,PHASE-2,STAR DELTA STARTER WITH MPCB
148,CSAHU ,RMS BUILDING,PROCESS CONTROL LAB,AIR-CONDITIONING,10,25,CEILING SUSPENDED AHU,,3,1,415V-3Ph-50Hz,WORKING,PHASE-1,DOL STARTER WITH MPCB
149,PAC-LAB-01,RMS BUILDING,AUTO-CHEMICAL AREA BELOW MEZZ.,AIR-CONDITIONING,10,25,FLOOR MOUNTED PRECISION AHU,,10,1,415V-3Ph-50Hz,WORKING,PHASE-1,STAR DELTA STARTER WITH MPCB
150,LAB-E.A.FAN-01,RMS BUILDING CHEMICAL LAB,RMS BUILDING CHEMICAL LAB,EXHAUST AIR,4000,6,WALL MOUNTED PROPELLER FAN,APK,1,1,415V-3Ph-50Hz,WORKING,PHASE-1,DOL STARTER WITH MPCB
151,LAB-E.A.FAN-02,RMS BUILDING PHYSICAL LAB,RMS BUILDING PHYSICAL LAB,EXHAUST AIR,4000,6,WALL MOUNTED PROPELLER FAN,APK,1,1,415V-3Ph-50Hz,WORKING,PHASE-1,DOL STARTER WITH MPCB
152,AHU-PCR-01,PCR ABOVE MEZZANINE,PCR TYRE BUILDING / STOCK,AIR-CONDITIONING,75,65,AIR HANDLING UNIT,,15,1,415V-3Ph-50Hz,WORKING,PHASE-1,STAR DELTA STARTER WITH MPCB
153,AHU-PCR-02,PCR ABOVE MEZZANINE,PCR TYRE BUILDING / STOCK,AIR-CONDITIONING,75,65,AIR HANDLING UNIT,,15,1,415V-3Ph-50Hz,WORKING,PHASE-1,STAR DELTA STARTER WITH MPCB
154,AHU-PCR-03,PCR ABOVE MEZZANINE,PCR TYRE BUILDING / STOCK,AIR-CONDITIONING,75,65,AIR HANDLING UNIT,,15,1,415V-3Ph-50Hz,WORKING,PHASE-1,STAR DELTA STARTER WITH MPCB
155,AHU-PCR-04,PCR ABOVE MEZZANINE,PCR TYRE BUILDING / STOCK,AIR-CONDITIONING,75,65,AIR HANDLING UNIT,,15,1,415V-3Ph-50Hz,WORKING,PHASE-1,VFD STARTER
156,AHU-PCR-05,PCR ABOVE MEZZANINE,PCR TYRE BUILDING / STOCK,AIR-CONDITIONING,75,65,AIR HANDLING UNIT,,15,1,415V-3Ph-50Hz,WORKING,PHASE-2,STAR DELTA STARTER WITH MPCB
157,AHU-PCR-06,PCR ABOVE MEZZANINE,PCR TYRE BUILDING / STOCK,AIR-CONDITIONING,75,65,AIR HANDLING UNIT,,15,1,415V-3Ph-50Hz,WORKING,PHASE-2,VFD STARTER
158,CSAHU ,PCR STOCK PREPARATION,PCR EXTRUDER CONTROL ROOM,AIR-CONDITIONING,5,12,CEILING SUSPENDED AHU,,1.1,1,415V-3Ph-50Hz,WORKING,PHASE-1,DOL STARTER WITH MPCB
159,CHWP-7,PCR ABOVE MEZZANINE,PCR TYRE BUILDING / STOCK AHU,SECONDARY CHILLED WATER,163,17,LONG-COUPLED CENTRIFUGAL PUMP,,11,1,415V-3Ph-50Hz,WORKING,PHASE-1,VFD STARTER
160,CHWP-8,PCR ABOVE MEZZANINE,PCR TYRE BUILDING / STOCK AHU,SECONDARY CHILLED WATER,163,17,LONG-COUPLED CENTRIFUGAL PUMP,,11,1,415V-3Ph-50Hz,WORKING,PHASE-1,VFD STARTER
161,CHWP-17,PCR ABOVE MEZZANINE,PCR TYRE BUILDING / STOCK AHU,SECONDARY CHILLED WATER,163,17,LONG-COUPLED CENTRIFUGAL PUMP,NK-,11,1,415V-3Ph-50Hz,STANDBY,PHASE-2,VFD STARTER
162,PWP-18,PCR ABOVE MEZZANINE,PCR RECTANGULAR BEED COILING,PROCESS WATER,7.5,10,CLOSE-COUPLED CENTRIFUGAL PUMP,NB-,0.75,1,415V-3Ph-50Hz,WORKING,PHASE-1,DOL STARTER WITH MPCB
163,PWP-19,PCR ABOVE MEZZANINE,PCR RECTANGULAR BEED COILING,PROCESS WATER,7.5,10,CLOSE-COUPLED CENTRIFUGAL PUMP,NB-,0.75,1,415V-3Ph-50Hz,STANDBY,PHASE-1,DOL STARTER WITH MPCB
164,PWP-16,PCR STOCK PREPARATION,PCR INNER LINE ASSEMBLY,PROCESS WATER,15,12,CLOSE-COUPLED CENTRIFUGAL PUMP,NB-,1.1,1,415V-3Ph-50Hz,WORKING,PHASE-1,DOL STARTER WITH MPCB
165,PWP-17,PCR STOCK PREPARATION,PCR INNER LINE ASSEMBLY,PROCESS WATER,15,12,CLOSE-COUPLED CENTRIFUGAL PUMP,NB-,1.1,1,415V-3Ph-50Hz,STANDBY,PHASE-1,DOL STARTER WITH MPCB
166,PWP-10,PCR EXTRUDER,PCR EXTRUDER,PROCESS WATER,90,50,CLOSE-COUPLED CENTRIFUGAL PUMP,VERTICAL,11,1,415V-3Ph-50Hz,WORKING,PHASE-1,STAR DELTA STARTER WITH MPCB
167,PWP-11,PCR EXTRUDER,PCR EXTRUDER,PROCESS WATER,90,50,CLOSE-COUPLED CENTRIFUGAL PUMP,VERTICAL,11,1,415V-3Ph-50Hz,WORKING,PHASE-1,STAR DELTA STARTER WITH MPCB
168,SA-PSP-01,PCR MEZZANINE,PCR MEZZANINE,FRESH AIR SUPPLY,61200,40,CABINET TYPE CENTRIFUGAL FAN,CFT 1000 CM,15,1,415V-3Ph-50Hz,WORKING,PHASE-1,STAR DELTA STARTER WITH MPCB
169,SA-PSP-02,PCR MEZZANINE,PCR MEZZANINE,FRESH AIR SUPPLY,61200,40,CABINET TYPE CENTRIFUGAL FAN,CFT 1000 CM,15,1,415V-3Ph-50Hz,WORKING,PHASE-1,STAR DELTA STARTER WITH MPCB
170,SA-PSP-03,PCR INNERLINE ASSEMBLY AREA,PCR INNERLINE ASSEMBLY AREA,FRESH AIR SUPPLY,29750,40,CABINET TYPE CENTRIFUGAL FAN,CFT 710 CM,7.5,1,415V-3Ph-50Hz,WORKING,PHASE-1,STAR DELTA STARTER WITH MPCB
171,SA-PSP-04,PCR INNERLINE ASSEMBLY AREA,PCR INNERLINE ASSEMBLY AREA,FRESH AIR SUPPLY,29750,40,CABINET TYPE CENTRIFUGAL FAN,CFT 710 CM,7.5,1,415V-3Ph-50Hz,WORKING,PHASE-1,STAR DELTA STARTER WITH MPCB
170,EX-PSP-01,PCR STP ROOF MONITOR,PCR STOCK PREPARATION,EXHAUST AIR,14875,15,TUBE AXIAL FAN,TDA 710,2.2,1,415V-3Ph-50Hz,WORKING,PHASE-1,DOL STARTER WITH MPCB
171,EX-PSP-02,PCR STP ROOF MONITOR,PCR STOCK PREPARATION,EXHAUST AIR,14875,15,TUBE AXIAL FAN,TDA 710,2.2,1,415V-3Ph-50Hz,WORKING,PHASE-1,DOL STARTER WITH MPCB
172,EX-PSP-03,PCR STP ROOF MONITOR,PCR STOCK PREPARATION,EXHAUST AIR,14875,15,TUBE AXIAL FAN,TDA 710,2.2,1,415V-3Ph-50Hz,WORKING,PHASE-1,DOL STARTER WITH MPCB
173,EX-PSP-04,PCR STP ROOF MONITOR,PCR STOCK PREPARATION,EXHAUST AIR,14875,15,TUBE AXIAL FAN,TDA 710,2.2,1,415V-3Ph-50Hz,WORKING,PHASE-1,DOL STARTER WITH MPCB
174,EX-PSP-05,PCR STP ROOF MONITOR,PCR STOCK PREPARATION,EXHAUST AIR,8985,25,TUBE AXIAL FAN,TDA 630,1.5,1,415V-3Ph-50Hz,WORKING,PHASE-1,DOL STARTER WITH MPCB
175,EX-PSP-06,PCR STP ROOF MONITOR,PCR STOCK PREPARATION,EXHAUST AIR,8985,25,TUBE AXIAL FAN,TDA 630,1.5,1,415V-3Ph-50Hz,WORKING,PHASE-1,DOL STARTER WITH MPCB
176,EX-PSP-07,PCR STP ROOF MONITOR,PCR STOCK PREPARATION,EXHAUST AIR,8985,25,TUBE AXIAL FAN,TDA 630,1.5,1,415V-3Ph-50Hz,WORKING,PHASE-1,DOL STARTER WITH MPCB
177,EX-PSP-08,PCR STP ROOF MONITOR,PCR STOCK PREPARATION,EXHAUST AIR,8985,25,TUBE AXIAL FAN,TDA 630,1.5,1,415V-3Ph-50Hz,WORKING,PHASE-1,DOL STARTER WITH MPCB
178,EX-PSP-09,PCR STP ROOF MONITOR,PCR STOCK PREPARATION,EXHAUST AIR,8985,25,TUBE AXIAL FAN,TDA 630,1.5,1,415V-3Ph-50Hz,WORKING,PHASE-1,DOL STARTER WITH MPCB
179,EX-PSP-10,PCR STP ROOF MONITOR,PCR STOCK PREPARATION,EXHAUST AIR,8985,25,TUBE AXIAL FAN,TDA 630,1.5,1,415V-3Ph-50Hz,WORKING,PHASE-1,DOL STARTER WITH MPCB
180,EX-PSP-11,PCR STP ROOF MONITOR,PCR STOCK PREPARATION,EXHAUST AIR,8985,25,TUBE AXIAL FAN,TDA 630,1.5,1,415V-3Ph-50Hz,WORKING,PHASE-1,DOL STARTER WITH MPCB
181,EX-PSP-12,PCR STP ROOF MONITOR,PCR STOCK PREPARATION,EXHAUST AIR,23800,25,TUBE AXIAL FAN,TDA 900,4,1,415V-3Ph-50Hz,WORKING,PHASE-1,DOL STARTER WITH MPCB
182,EX-PSP-13,PCR STP ROOF MONITOR,PCR STOCK PREPARATION,EXHAUST AIR,23800,25,TUBE AXIAL FAN,TDA 900,4,1,415V-3Ph-50Hz,WORKING,PHASE-1,DOL STARTER WITH MPCB
183,EX-PSP-14,PCR STP ROOF MONITOR,PCR STOCK PREPARATION,EXHAUST AIR,23800,25,TUBE AXIAL FAN,TDA 900,4,1,415V-3Ph-50Hz,WORKING,PHASE-1,DOL STARTER WITH MPCB
184,EX-PSP-15,PCR STP BELOW MEZZ EAST WALL,PCR BELOW MEZZ,EXHAUST AIR,26520,15,TUBE AXIAL FAN,TDA 900,4,1,415V-3Ph-50Hz,WORKING,PHASE-1,DOL STARTER WITH MPCB
185,EX-PSP-16,PCR STP BELOW MEZZ EAST WALL,PCR BELOW MEZZ,EXHAUST AIR,26520,15,TUBE AXIAL FAN,TDA 900,4,1,415V-3Ph-50Hz,WORKING,PHASE-1,DOL STARTER WITH MPCB
186,SA-PSP-05,PCR STP BELOW MEZZ EAST WALL,PCR BELOW MEZZ,FRESH AIR SUPPLY,26520,25,CABINET TYPE CENTRIFUGAL FAN,CFT-F-630,4,1,415V-3Ph-50Hz,WORKING,PHASE-1,DOL STARTER WITH MPCB
187,SA-PSP-06,PCR STP BELOW MEZZ EAST WALL,PCR BELOW MEZZ,FRESH AIR SUPPLY,26520,25,CABINET TYPE CENTRIFUGAL FAN,CFT-F-630,4,1,415V-3Ph-50Hz,WORKING,PHASE-1,DOL STARTER WITH MPCB
188,AHU-TBR-01,TBR ABOVE MEZZANINE,TBR TYRE BUILDING / STOCK,AIR-CONDITIONING,75,65,AIR HANDLING UNIT,,15,1,415V-3Ph-50Hz,WORKING,PHASE-1,STAR DELTA STARTER WITH MPCB
189,AHU-TBR-02,TBR ABOVE MEZZANINE,TBR TYRE BUILDING / STOCK,AIR-CONDITIONING,75,65,AIR HANDLING UNIT,,15,1,415V-3Ph-50Hz,WORKING,PHASE-1,STAR DELTA STARTER WITH MPCB
190,AHU-TBR-03,TBR ABOVE MEZZANINE,TBR TYRE BUILDING / STOCK,AIR-CONDITIONING,75,65,AIR HANDLING UNIT,,15,1,415V-3Ph-50Hz,WORKING,PHASE-1,STAR DELTA STARTER WITH MPCB
191,AHU-TBR-04,TBR ABOVE MEZZANINE,TBR TYRE BUILDING / STOCK,AIR-CONDITIONING,75,65,AIR HANDLING UNIT,,15,1,415V-3Ph-50Hz,WORKING,PHASE-1,VFD STARTER
192,AHU-TBR-05,TBR ABOVE MEZZANINE,TBR TYRE BUILDING / STOCK,AIR-CONDITIONING,75,65,AIR HANDLING UNIT,,15,1,415V-3Ph-50Hz,WORKING,PHASE-2,STAR DELTA STARTER WITH MPCB
193,AHU-TBR-06,TBR ABOVE MEZZANINE,TBR TYRE BUILDING / STOCK,AIR-CONDITIONING,75,65,AIR HANDLING UNIT,,15,1,415V-3Ph-50Hz,WORKING,PHASE-2,STAR DELTA STARTER WITH MPCB
194,AHU-TBR-07,TBR ABOVE MEZZANINE,TBR TYRE BUILDING / STOCK,AIR-CONDITIONING,75,65,AIR HANDLING UNIT,,15,1,415V-3Ph-50Hz,WORKING,PHASE-2,STAR DELTA STARTER WITH MPCB
195,AHU-TBR-08,TBR ABOVE MEZZANINE,TBR TYRE BUILDING / STOCK,AIR-CONDITIONING,75,65,AIR HANDLING UNIT,,15,1,415V-3Ph-50Hz,WORKING,PHASE-2,STAR DELTA STARTER WITH MPCB
196,AHU-TBR-09,TBR ABOVE MEZZANINE,TBR TYRE BUILDING / STOCK,AIR-CONDITIONING,75,65,AIR HANDLING UNIT,,15,1,415V-3Ph-50Hz,WORKING,PHASE-2,STAR DELTA STARTER WITH MPCB
197,AHU-TBR-10,TBR ABOVE MEZZANINE,TBR TYRE BUILDING / STOCK,AIR-CONDITIONING,75,65,AIR HANDLING UNIT,,15,1,415V-3Ph-50Hz,WORKING,PHASE-2,STAR DELTA STARTER WITH MPCB
198,AHU-TBR-11,TBR ABOVE MEZZANINE,TBR TYRE BUILDING / STOCK,AIR-CONDITIONING,75,65,AIR HANDLING UNIT,,15,1,415V-3Ph-50Hz,WORKING,PHASE-2,STAR DELTA STARTER WITH MPCB
199,AHU-TBR-12,TBR ABOVE MEZZANINE,TBR TYRE BUILDING / STOCK,AIR-CONDITIONING,75,65,AIR HANDLING UNIT,,15,1,415V-3Ph-50Hz,WORKING,PHASE-2,VFD STARTER
200,AHU-TBR-13,TBR ABOVE MEZZANINE,TBR TYRE BUILDING / STOCK,AIR-CONDITIONING,75,65,AIR HANDLING UNIT,,15,1,415V-3Ph-50Hz,WORKING,PHASE-2,VFD STARTER
201,CHWP-9,TBR ABOVE MEZZANINE,TBR TYRE BUILDING / STOCK,SECONDARY CHILLED WATER,220,15,LONG-COUPLED CENTRIFUGAL PUMP,NK-,15,1,415V-3Ph-50Hz,WORKING,PHASE-1,VFD STARTER
202,CHWP-10,TBR ABOVE MEZZANINE,TBR TYRE BUILDING / STOCK,SECONDARY CHILLED WATER,220,15,LONG-COUPLED CENTRIFUGAL PUMP,NK-,15,1,415V-3Ph-50Hz,WORKING,PHASE-1,VFD STARTER
203,CHWP-18,TBR ABOVE MEZZANINE,TBR TYRE BUILDING / STOCK AHU,SECONDARY CHILLED WATER,220,15,LONG-COUPLED CENTRIFUGAL PUMP,NK-,15,1,415V-3Ph-50Hz,WORKING,PHASE-2,VFD STARTER
204,CHWP-19,TBR ABOVE MEZZANINE,TBR TYRE BUILDING / STOCK AHU,SECONDARY CHILLED WATER,220,15,LONG-COUPLED CENTRIFUGAL PUMP,NK-,15,1,415V-3Ph-50Hz,WORKING,PHASE-2,VFD STARTER
205,PWP-6,TBR STP ABOVE MEZZANINE,TBR STOCK PREPARATION,PROCESS WATER,92.5,20,CLOSE-COUPLED CENTRIFUGAL PUMP,NB-,7.5,1,415V-3Ph-50Hz,WORKING,PHASE-1,STAR DELTA STARTER WITH MPCB
206,PWP-7,TBR STP ABOVE MEZZANINE,TBR STOCK PREPARATION,PROCESS WATER,92.5,20,CLOSE-COUPLED CENTRIFUGAL PUMP,NB-,7.5,1,415V-3Ph-50Hz,STANDBY,PHASE-1,STAR DELTA STARTER WITH MPCB
207,PWP-8,TBR STP,TBR HOT & COLD DUPLEX EXTRUDER LINE,PROCESS WATER,90,50,CLOSE-COUPLED CENTRIFUGAL PUMP,VERTICAL,11,1,415V-3Ph-50Hz,WORKING,PHASE-1,STAR DELTA STARTER WITH MPCB
208,PWP-9,TBR STP,TBR HOT & COLD DUPLEX EXTRUDER LINE,PROCESS WATER,90,50,CLOSE-COUPLED CENTRIFUGAL PUMP,VERTICAL,11,1,415V-3Ph-50Hz,STANDBY,PHASE-1,STAR DELTA STARTER WITH MPCB
209,DH-1,TBR CREEL ROOM TERRACE,TBR CREEL ROOM GROUD FLOOR,DE-HUMIDIFICATION,6500,-,DEHUMIDIFIER,FLB,11,1,415V-3Ph-50Hz,STANDBY,PHASE-1,STAR DELTA STARTER WITH MPCB
210,DH-2,TBR CREEL ROOM TERRACE,TBR CREEL ROOM SECOND FLOOR,DE-HUMIDIFICATION,6500,-,DEHUMIDIFIER,FLB,11,1,415V-3Ph-50Hz,STANDBY,PHASE-1,STAR DELTA STARTER WITH MPCB
211,DH-3,TBR CREEL ROOM TERRACE,TBR CREEL ROOM THIRD FLOOR,DE-HUMIDIFICATION,6500,-,DEHUMIDIFIER,FLB,11,1,415V-3Ph-50Hz,STANDBY,PHASE-2,STAR DELTA STARTER WITH MPCB
212,CSAHU ,TBR STP,TBR HOT & COLD EXTRUDER CONTROL ROOM,AIR-CONDITIONING,5,12,CEILING SUSPENDED AHU,,1.1,1,415V-3Ph-50Hz,WORKING,PHASE-1,DOL STARTER WITH MPCB
213,CSAHU ,TBR STP,TBR ROLLER HEAD CONTROL ROOM,AIR-CONDITIONING,5,12,CEILING SUSPENDED AHU,,1.1,1,415V-3Ph-50Hz,WORKING,PHASE-1,DOL STARTER WITH MPCB
214,CSAHU ,TBR STP,TBR STEEL & FABRIC CONTROL ROOM,AIR-CONDITIONING,5,12,CEILING SUSPENDED AHU,,1.1,1,415V-3Ph-50Hz,WORKING,PHASE-1,DOL STARTER WITH MPCB
215,PWP-27,TBR STP,TBR SIDE WALL EXTRUDER,PROCESS WATER,90,50,CLOSE-COUPLED CENTRIFUGAL PUMP,VERTICAL,11,1,415V-3Ph-50Hz,WORKING,PHASE-2,VFD STARTER
216,PWP-28,TBR STP,TBR SIDE WALL EXTRUDER,PROCESS WATER,90,50,CLOSE-COUPLED CENTRIFUGAL PUMP,VERTICAL,11,1,415V-3Ph-50Hz,STANDBY,PHASE-2,VFD STARTER
217,PWP-29,TBR STP,TBR HOT & COLD DUPLEX EXTRUDER LINE,PROCESS WATER,90,50,CLOSE-COUPLED CENTRIFUGAL PUMP,VERTICAL,7.5,1,415V-3Ph-50Hz,WORKING,PHASE-2,VFD STARTER
218,PWP-30,TBR STP,TBR HOT & COLD DUPLEX EXTRUDER LINE,PROCESS WATER,90,50,CLOSE-COUPLED CENTRIFUGAL PUMP,VERTICAL,7.5,1,415V-3Ph-50Hz,STANDBY,PHASE-2,VFD STARTER
219,PWP-23,TBR STP ABOVE MEZZANINE,TBR STOCK PREPARATION,TEMPERED WATER PUMP FOR MILLS,45,25,CLOSE-COUPLED CENTRIFUGAL PUMP,NB-,7.5,1,415V-3Ph-50Hz,WORKING,PHASE-2,STAR DELTA STARTER WITH MPCB
220,PWP-24,TBR STP ABOVE MEZZANINE,TBR STOCK PREPARATION,TEMPERED WATER PUMP FOR MILLS,45,25,CLOSE-COUPLED CENTRIFUGAL PUMP,NB-,7.5,1,415V-3Ph-50Hz,STANDBY,PHASE-2,STAR DELTA STARTER WITH MPCB
221,CSAHU ,TBR STP,TBR SIDE WALL EXTRUDER CONTROL ROOM,AIR-CONDITIONING,5,12,CEILING SUSPENDED AHU,,1.1,1,415V-3Ph-50Hz,WORKING,PHASE-2,DOL STARTER WITH MPCB
222,CSAHU ,TBR STP,TBR HOT & COLD EXTRUDER CONTROL ROOM,AIR-CONDITIONING,5,12,CEILING SUSPENDED AHU,,1.1,1,415V-3Ph-50Hz,WORKING,PHASE-2,DOL STARTER WITH MPCB
223,AHU,TBR STP,TBR ROLLER HEAD LINE,CHILLED AIR COOLING,10,-,AIR HANDLING UNIT,-,1.1,1,415V-3Ph-50Hz,WORKING,PHASE-1,DOL STARTER WITH MPCB
224,AHU ,TBR STP,TBR SMALL COMPONENT EXTRUDER,CHILLED AIR COOLING,25,-,AIR HANDLING UNIT,-,2.2,1,415V-3Ph-50Hz,WORKING,PHASE-1,DOL STARTER WITH MPCB
225,AHU ,TBR STP,TBR DUPLEX APEX,CHILLED AIR COOLING,7,-,AIR HANDLING UNIT,-,1.1,1,415V-3Ph-50Hz,WORKING,PHASE-1,DOL STARTER WITH MPCB
226,SA-TSP- 01,TBR STP ABOVE MEZZANINE,TBR STOCK PREPARATION,FRESH AIR SUPPLY,60435,40,DIDW CENTRIFUGAL FAN,FDA 1000,15,1,415V-3Ph-50Hz,WORKING,PHASE-1,STAR DELTA STARTER WITH MPCB
227,SA-TSP- 02,TBR STP ABOVE MEZZANINE,TBR STOCK PREPARATION,FRESH AIR SUPPLY,60435,40,DIDW CENTRIFUGAL FAN,FDA 1000,15,1,415V-3Ph-50Hz,WORKING,PHASE-1,STAR DELTA STARTER WITH MPCB
228,SA-TSP- 03,TBR STP ABOVE MEZZANINE,TBR STOCK PREPARATION,FRESH AIR SUPPLY,60435,40,DIDW CENTRIFUGAL FAN,FDA 1000,15,1,415V-3Ph-50Hz,WORKING,PHASE-1,STAR DELTA STARTER WITH MPCB
229,SA-TSP- 04,TBR STP ABOVE MEZZANINE,TBR STOCK PREPARATION,FRESH AIR SUPPLY,60435,40,DIDW CENTRIFUGAL FAN,FDA 1000,15,1,415V-3Ph-50Hz,WORKING,PHASE-1,STAR DELTA STARTER WITH MPCB
230,SA-TSP- 05,TBR STP ABOVE MEZZANINE,TBR STOCK PREPARATION,FRESH AIR SUPPLY,60435,40,DIDW CENTRIFUGAL FAN,FDA 1000,15,1,415V-3Ph-50Hz,WORKING,PHASE-1,STAR DELTA STARTER WITH MPCB
231,SA-TSP- 06,TBR STP ABOVE MEZZANINE,TBR STOCK PREPARATION,FRESH AIR SUPPLY,60435,40,DIDW CENTRIFUGAL FAN,FDA 1000,15,1,415V-3Ph-50Hz,WORKING,PHASE-1,STAR DELTA STARTER WITH MPCB
232,SA-TSP- 07,TBR STP ABOVE MEZZANINE,TBR STOCK PREPARATION,FRESH AIR SUPPLY,60435,40,DIDW CENTRIFUGAL FAN,FDA 1000,15,1,415V-3Ph-50Hz,WORKING,PHASE-1,STAR DELTA STARTER WITH MPCB
233,SA-TSP- 08,TBR STP ABOVE MEZZANINE,TBR STOCK PREPARATION,FRESH AIR SUPPLY,60435,40,DIDW CENTRIFUGAL FAN,FDA 1000,15,1,415V-3Ph-50Hz,WORKING,PHASE-1,STAR DELTA STARTER WITH MPCB
234,SA-TSP-09,TBR BELOW MEZZANINE,TBR BELOW MEZZANINE,FRESH AIR SUPPLY,31590,25,CABINET TYPE CENTRIFUGAL FAN,CFT 710,5.5,1,415V-3Ph-50Hz,WORKING,PHASE-1,DOL STARTER WITH MPCB
235,SA-TSP-10,TBR BELOW MEZZANINE,TBR BELOW MEZZANINE,FRESH AIR SUPPLY,31590,25,CABINET TYPE CENTRIFUGAL FAN,CFT 710,5.5,1,415V-3Ph-50Hz,WORKING,PHASE-1,DOL STARTER WITH MPCB
236,SA-TSP-11,TBR STP ABOVE MEZZANINE,TBR STOCK PREPARATION,FRESH AIR SUPPLY,61200,40,CABINET TYPE CENTRIFUGAL FAN,CFT 1000 CM,15,1,415V-3Ph-50Hz,WORKING,PHASE-2,STAR DELTA STARTER WITH MPCB
237,SA-TSP-12,TBR STP ABOVE MEZZANINE,TBR STOCK PREPARATION,FRESH AIR SUPPLY,61200,40,CABINET TYPE CENTRIFUGAL FAN,CFT 1000 CM,15,1,415V-3Ph-50Hz,WORKING,PHASE-2,STAR DELTA STARTER WITH MPCB
238,SA-TSP-13,TBR STP ABOVE MEZZANINE,TBR STOCK PREPARATION,FRESH AIR SUPPLY,61200,40,CABINET TYPE CENTRIFUGAL FAN,CFT 1000 CM,15,1,415V-3Ph-50Hz,WORKING,PHASE-2,STAR DELTA STARTER WITH MPCB
239,SA-TSP-14,TBR BELOW MEZZANINE,TBR BELOW MEZZAINE,FRESH AIR SUPPLY,31590,25,CABINET TYPE CENTRIFUGAL FAN,CFT 710,5.5,1,415V-3Ph-50Hz,WORKING,PHASE-2,DOL STARTER WITH MPCB
240,SA-TSP-15,TBR BELOW MEZZANINE,TBR BELOW MEZZAINE,FRESH AIR SUPPLY,31590,25,CABINET TYPE CENTRIFUGAL FAN,CFT 710,5.5,1,415V-3Ph-50Hz,WORKING,PHASE-2,DOL STARTER WITH MPCB
241,EX-TSP-01,TBR STP ROOF MONITOR,TBR STOCK PREPARATION,EXHAUST AIR,24174,25,VANE AXIAL FAN,VDA 900,4,1,415V-3Ph-50Hz,WORKING,PHASE-1,DOL STARTER WITH MPCB
242,EX-TSP-02,TBR STP ROOF MONITOR,TBR STOCK PREPARATION,EXHAUST AIR,24174,25,VANE AXIAL FAN,VDA 900,4,1,415V-3Ph-50Hz,WORKING,PHASE-1,DOL STARTER WITH MPCB
243,EX-TSP-03,TBR STP ROOF MONITOR,TBR STOCK PREPARATION,EXHAUST AIR,24174,25,VANE AXIAL FAN,VDA 900,4,1,415V-3Ph-50Hz,WORKING,PHASE-1,DOL STARTER WITH MPCB
244,EX-TSP-04,TBR STP ROOF MONITOR,TBR STOCK PREPARATION,EXHAUST AIR,24174,25,VANE AXIAL FAN,VDA 900,4,1,415V-3Ph-50Hz,WORKING,PHASE-1,DOL STARTER WITH MPCB
245,EX-TSP-05,TBR STP ROOF MONITOR,TBR STOCK PREPARATION,EXHAUST AIR,24174,25,VANE AXIAL FAN,VDA 900,4,1,415V-3Ph-50Hz,WORKING,PHASE-1,DOL STARTER WITH MPCB
246,EX-TSP-06,TBR STP ROOF MONITOR,TBR STOCK PREPARATION,EXHAUST AIR,24174,25,VANE AXIAL FAN,VDA 900,4,1,415V-3Ph-50Hz,WORKING,PHASE-1,DOL STARTER WITH MPCB
247,EX-TSP-07,TBR STP ROOF MONITOR,TBR STOCK PREPARATION,EXHAUST AIR,24174,25,VANE AXIAL FAN,VDA 900,4,1,415V-3Ph-50Hz,WORKING,PHASE-1,DOL STARTER WITH MPCB
248,EX-TSP-08,TBR STP ROOF MONITOR,TBR STOCK PREPARATION,EXHAUST AIR,24174,25,VANE AXIAL FAN,VDA 900,4,1,415V-3Ph-50Hz,WORKING,PHASE-1,DOL STARTER WITH MPCB
249,EX-TSP-09,TBR STP ROOF MONITOR,TBR STOCK PREPARATION,EXHAUST AIR,24174,25,VANE AXIAL FAN,VDA 900,4,1,415V-3Ph-50Hz,WORKING,PHASE-1,DOL STARTER WITH MPCB
250,EX-TSP-10,TBR STP ROOF MONITOR,TBR STOCK PREPARATION,EXHAUST AIR,24174,25,VANE AXIAL FAN,VDA 900,4,1,415V-3Ph-50Hz,WORKING,PHASE-1,DOL STARTER WITH MPCB
251,EX-TSP-11,TBR STP ROOF MONITOR,TBR STOCK PREPARATION,EXHAUST AIR,24174,25,VANE AXIAL FAN,VDA 900,4,1,415V-3Ph-50Hz,WORKING,PHASE-1,DOL STARTER WITH MPCB
252,EX-TSP-12,TBR STP ROOF MONITOR,TBR STOCK PREPARATION,EXHAUST AIR,24174,25,VANE AXIAL FAN,VDA 900,4,1,415V-3Ph-50Hz,WORKING,PHASE-1,DOL STARTER WITH MPCB
253,EX-TSP-13,TBR STP ROOF MONITOR,TBR STOCK PREPARATION,EXHAUST AIR,24174,25,VANE AXIAL FAN,VDA 900,4,1,415V-3Ph-50Hz,WORKING,PHASE-1,DOL STARTER WITH MPCB
254,EX-TSP-14,TBR STP ROOF MONITOR,TBR STOCK PREPARATION,EXHAUST AIR,24174,25,VANE AXIAL FAN,VDA 900,4,1,415V-3Ph-50Hz,WORKING,PHASE-1,DOL STARTER WITH MPCB
255,EX-TSP-15,TBR STP ROOF MONITOR,TBR STOCK PREPARATION,EXHAUST AIR,24174,25,VANE AXIAL FAN,VDA 900,4,1,415V-3Ph-50Hz,WORKING,PHASE-1,DOL STARTER WITH MPCB
256,EX-TSP-16,TBR STP ROOF MONITOR,TBR STOCK PREPARATION,EXHAUST AIR,24174,25,VANE AXIAL FAN,VDA 900,4,1,415V-3Ph-50Hz,WORKING,PHASE-1,DOL STARTER WITH MPCB
257,EX-TSP-17,TBR STP ROOF MONITOR,TBR STOCK PREPARATION,EXHAUST AIR,24174,25,VANE AXIAL FAN,VDA 900,4,1,415V-3Ph-50Hz,WORKING,PHASE-1,DOL STARTER WITH MPCB
258,EX-TSP-18,TBR STP ROOF MONITOR,TBR STOCK PREPARATION,EXHAUST AIR,24174,25,VANE AXIAL FAN,VDA 900,4,1,415V-3Ph-50Hz,WORKING,PHASE-1,DOL STARTER WITH MPCB
259,EX-TSP-19,TBR STP ROOF MONITOR,TBR STOCK PREPARATION,EXHAUST AIR,24174,25,VANE AXIAL FAN,VDA 900,4,1,415V-3Ph-50Hz,WORKING,PHASE-1,DOL STARTER WITH MPCB
260,EX-TSP-20,TBR STP ROOF MONITOR,TBR STOCK PREPARATION,EXHAUST AIR,24174,25,VANE AXIAL FAN,VDA 900,4,1,415V-3Ph-50Hz,WORKING,PHASE-1,DOL STARTER WITH MPCB
261,EX-TSP-21,TBR STP BELOW MEZZAINE,TBR BELOW MEZZAINE,EXHAUST AIR,31590,15,VANE AXIAL FAN,VDA 1000,4,1,415V-3Ph-50Hz,WORKING,PHASE-1,DOL STARTER WITH MPCB
262,EX-TSP-22,TBR STP BELOW MEZZAINE,TBR BELOW MEZZAINE,EXHAUST AIR,31590,15,VANE AXIAL FAN,VDA 1000,4,1,415V-3Ph-50Hz,WORKING,PHASE-1,DOL STARTER WITH MPCB
263,EX-TSP-23,TBR STP ROOF MONITOR,TBR STOCK PREPARATION,EXHAUST AIR,24174,25,VANE AXIAL FAN,VDA 900,4,1,415V-3Ph-50Hz,WORKING,PHASE-2,DOL STARTER WITH MPCB
264,EX-TSP-24,TBR STP ROOF MONITOR,TBR STOCK PREPARATION,EXHAUST AIR,24174,25,VANE AXIAL FAN,VDA 900,4,1,415V-3Ph-50Hz,WORKING,PHASE-2,DOL STARTER WITH MPCB
265,EX-TSP-25,TBR STP ROOF MONITOR,TBR STOCK PREPARATION,EXHAUST AIR,24174,25,VANE AXIAL FAN,VDA 900,4,1,415V-3Ph-50Hz,WORKING,PHASE-2,DOL STARTER WITH MPCB
266,EX-TSP-26,TBR STP ROOF MONITOR,TBR STOCK PREPARATION,EXHAUST AIR,24174,25,VANE AXIAL FAN,VDA 900,4,1,415V-3Ph-50Hz,WORKING,PHASE-2,DOL STARTER WITH MPCB
267,EX-TSP-27,TBR STP ROOF MONITOR,TBR STOCK PREPARATION,EXHAUST AIR,24174,25,VANE AXIAL FAN,VDA 900,4,1,415V-3Ph-50Hz,WORKING,PHASE-2,DOL STARTER WITH MPCB
268,EX-TSP-28,TBR STP ROOF MONITOR,TBR STOCK PREPARATION,EXHAUST AIR,24174,25,VANE AXIAL FAN,VDA 900,4,1,415V-3Ph-50Hz,WORKING,PHASE-2,DOL STARTER WITH MPCB
269,EX-TSP-29,TBR STP ROOF MONITOR,TBR STOCK PREPARATION,EXHAUST AIR,24174,25,VANE AXIAL FAN,VDA 900,4,1,415V-3Ph-50Hz,WORKING,PHASE-2,DOL STARTER WITH MPCB
270,EX-TSP-30,TBR STP ROOF MONITOR,TBR STOCK PREPARATION,EXHAUST AIR,24174,25,VANE AXIAL FAN,VDA 900,4,1,415V-3Ph-50Hz,WORKING,PHASE-2,DOL STARTER WITH MPCB
271,EX-TSP-31,TBR STP BELOW MEZZAINE,TBR BELOW MEZZAINE,EXHAUST AIR,31590,15,VANE AXIAL FAN,VDA 1000,4,1,415V-3Ph-50Hz,WORKING,PHASE-2,DOL STARTER WITH MPCB
272,EX-TSP-32,TBR STP BELOW MEZZAINE,TBR BELOW MEZZAINE,EXHAUST AIR,31590,15,VANE AXIAL FAN,VDA 1000,4,1,415V-3Ph-50Hz,WORKING,PHASE-2,DOL STARTER WITH MPCB
273,EX-PCU-01,PCR CURING ROOF MONITOR,PCR CURING ,EXHAUST AIR,34000,50,VANE AXIAL FAN,VDA 1000,11,1,415V-3Ph-50Hz,WORKING,PHASE-1,STAR DELTA STARTER WITH MPCB
274,EX-PCU-02,PCR CURING ROOF MONITOR,PCR CURING ,EXHAUST AIR,34000,50,VANE AXIAL FAN,VDA 1000,11,1,415V-3Ph-50Hz,WORKING,PHASE-1,STAR DELTA STARTER WITH MPCB
275,EX-PCU-03,PCR CURING ROOF MONITOR,PCR CURING ,EXHAUST AIR,34000,50,VANE AXIAL FAN,VDA 1000,11,1,415V-3Ph-50Hz,WORKING,PHASE-1,STAR DELTA STARTER WITH MPCB
276,EX-PCU-04,PCR CURING ROOF MONITOR,PCR CURING ,EXHAUST AIR,34000,50,VANE AXIAL FAN,VDA 1000,11,1,415V-3Ph-50Hz,WORKING,PHASE-1,STAR DELTA STARTER WITH MPCB
277,EX-PCU-05,PCR CURING ROOF MONITOR,PCR CURING ,EXHAUST AIR,34000,50,VANE AXIAL FAN,VDA 1000,11,1,415V-3Ph-50Hz,WORKING,PHASE-1,STAR DELTA STARTER WITH MPCB
278,EX-PCU-06,PCR CURING ROOF MONITOR,PCR CURING ,EXHAUST AIR,34000,50,VANE AXIAL FAN,VDA 1000,11,1,415V-3Ph-50Hz,WORKING,PHASE-1,STAR DELTA STARTER WITH MPCB
279,EX-PCU-07,PCR CURING ROOF MONITOR,PCR CURING ,EXHAUST AIR,34000,50,VANE AXIAL FAN,VDA 1000,11,1,415V-3Ph-50Hz,WORKING,PHASE-1,STAR DELTA STARTER WITH MPCB
280,EX-PCU-08,PCR CURING ROOF MONITOR,PCR CURING ,EXHAUST AIR,34000,50,VANE AXIAL FAN,VDA 1000,11,1,415V-3Ph-50Hz,WORKING,PHASE-1,STAR DELTA STARTER WITH MPCB
281,EX-PCU-09,PCR CURING ROOF MONITOR,PCR CURING ,EXHAUST AIR,34000,50,VANE AXIAL FAN,VDA 1000,11,1,415V-3Ph-50Hz,WORKING,PHASE-1,STAR DELTA STARTER WITH MPCB
282,EX-PCU-10,PCR CURING ROOF MONITOR,PCR CURING ,EXHAUST AIR,34000,50,VANE AXIAL FAN,VDA 1000,11,1,415V-3Ph-50Hz,WORKING,PHASE-1,STAR DELTA STARTER WITH MPCB
283,EX-PCU-11,PCR CURING ROOF MONITOR,PCR CURING ,EXHAUST AIR,34000,50,VANE AXIAL FAN,VDA 1000,11,1,415V-3Ph-50Hz,WORKING,PHASE-1,STAR DELTA STARTER WITH MPCB
284,EX-PCU-12,PCR CURING ROOF MONITOR,PCR CURING ,EXHAUST AIR,34000,50,VANE AXIAL FAN,VDA 1000,11,1,415V-3Ph-50Hz,WORKING,PHASE-1,STAR DELTA STARTER WITH MPCB
285,EX-PCU-13,PCR CURING ROOF MONITOR,PCR CURING ,EXHAUST AIR,34000,50,VANE AXIAL FAN,VDA 1000,11,1,415V-3Ph-50Hz,WORKING,PHASE-1,STAR DELTA STARTER WITH MPCB
286,EX-TCU - 01,TBR CURING ROOF MONITOR,TBR CURING ,EXHAUST AIR,34000,50,VANE AXIAL FAN,VDA 1000,11,1,415V-3Ph-50Hz,WORKING,PHASE-1,STAR DELTA STARTER WITH MPCB
287,EX-TCU - 02,TBR CURING ROOF MONITOR,TBR CURING ,EXHAUST AIR,34000,50,VANE AXIAL FAN,VDA 1000,11,1,415V-3Ph-50Hz,WORKING,PHASE-1,STAR DELTA STARTER WITH MPCB
288,EX-TCU - 03,TBR CURING ROOF MONITOR,TBR CURING ,EXHAUST AIR,34000,50,VANE AXIAL FAN,VDA 1000,11,1,415V-3Ph-50Hz,WORKING,PHASE-1,STAR DELTA STARTER WITH MPCB
289,EX-TCU - 04,TBR CURING ROOF MONITOR,TBR CURING ,EXHAUST AIR,34000,50,VANE AXIAL FAN,VDA 1000,11,1,415V-3Ph-50Hz,WORKING,PHASE-1,STAR DELTA STARTER WITH MPCB
290,EX-TCU - 05,TBR CURING ROOF MONITOR,TBR CURING ,EXHAUST AIR,34000,50,VANE AXIAL FAN,VDA 1000,11,1,415V-3Ph-50Hz,WORKING,PHASE-1,STAR DELTA STARTER WITH MPCB
291,EX-TCU - 06,TBR CURING ROOF MONITOR,TBR CURING ,EXHAUST AIR,34000,50,VANE AXIAL FAN,VDA 1000,11,1,415V-3Ph-50Hz,WORKING,PHASE-1,STAR DELTA STARTER WITH MPCB
292,EX-TCU - 07,TBR CURING ROOF MONITOR,TBR CURING ,EXHAUST AIR,34000,50,VANE AXIAL FAN,VDA 1000,11,1,415V-3Ph-50Hz,WORKING,PHASE-1,STAR DELTA STARTER WITH MPCB
293,EX-TCU - 08,TBR CURING ROOF MONITOR,TBR CURING ,EXHAUST AIR,34000,50,VANE AXIAL FAN,VDA 1000,11,1,415V-3Ph-50Hz,WORKING,PHASE-1,STAR DELTA STARTER WITH MPCB
294,EX-TCU - 09,TBR CURING ROOF MONITOR,TBR CURING ,EXHAUST AIR,34000,50,VANE AXIAL FAN,VDA 1000,11,1,415V-3Ph-50Hz,WORKING,PHASE-1,STAR DELTA STARTER WITH MPCB
295,EX-TCU - 10,TBR CURING ROOF MONITOR,TBR CURING ,EXHAUST AIR,34000,50,VANE AXIAL FAN,VDA 1000,11,1,415V-3Ph-50Hz,WORKING,PHASE-1,STAR DELTA STARTER WITH MPCB
296,EX-TCU - 11,TBR CURING ROOF MONITOR,TBR CURING ,EXHAUST AIR,34000,50,VANE AXIAL FAN,VDA 1000,11,1,415V-3Ph-50Hz,WORKING,PHASE-1,STAR DELTA STARTER WITH MPCB
297,EX-TCU - 12,TBR CURING ROOF MONITOR,TBR CURING ,EXHAUST AIR,34000,50,VANE AXIAL FAN,VDA 1000,11,1,415V-3Ph-50Hz,WORKING,PHASE-1,STAR DELTA STARTER WITH MPCB
298,EX-TCU - 13,TBR CURING ROOF MONITOR,TBR CURING ,EXHAUST AIR,34000,50,VANE AXIAL FAN,VDA 1000,11,1,415V-3Ph-50Hz,WORKING,PHASE-1,STAR DELTA STARTER WITH MPCB
299,EX-TCU - 14,TBR CURING ROOF MONITOR,TBR CURING ,EXHAUST AIR,34000,50,VANE AXIAL FAN,VDA 1000,11,1,415V-3Ph-50Hz,WORKING,PHASE-1,STAR DELTA STARTER WITH MPCB
300,EX-TCU - 15,TBR CURING ROOF MONITOR,TBR CURING ,EXHAUST AIR,34000,50,VANE AXIAL FAN,VDA 1000,11,1,415V-3Ph-50Hz,WORKING,PHASE-1,STAR DELTA STARTER WITH MPCB
301,EX-TCU - 16,TBR CURING ROOF MONITOR,TBR CURING ,EXHAUST AIR,34000,50,VANE AXIAL FAN,VDA 1000,11,1,415V-3Ph-50Hz,WORKING,PHASE-1,STAR DELTA STARTER WITH MPCB
302,EX-TCU - 17,TBR CURING ROOF MONITOR,TBR CURING ,EXHAUST AIR,34000,50,VANE AXIAL FAN,VDA 1000,11,1,415V-3Ph-50Hz,WORKING,PHASE-1,STAR DELTA STARTER WITH MPCB
303,EX-TCU - 18,TBR CURING ROOF MONITOR,TBR CURING ,EXHAUST AIR,34000,50,VANE AXIAL FAN,VDA 1000,11,1,415V-3Ph-50Hz,WORKING,PHASE-1,STAR DELTA STARTER WITH MPCB
304,EX-TCU - 19,TBR CURING ROOF MONITOR,TBR CURING ,EXHAUST AIR,34000,50,VANE AXIAL FAN,VDA 1000,11,1,415V-3Ph-50Hz,WORKING,PHASE-1,STAR DELTA STARTER WITH MPCB
305,EX-TCU - 20,TBR CURING ROOF MONITOR,TBR CURING ,EXHAUST AIR,34000,50,VANE AXIAL FAN,VDA 1000,11,1,415V-3Ph-50Hz,WORKING,PHASE-1,STAR DELTA STARTER WITH MPCB
306,EX-TCU - 21,TBR CURING ROOF MONITOR,TBR CURING ,EXHAUST AIR,34000,50,VANE AXIAL FAN,VDA 1000,11,1,415V-3Ph-50Hz,WORKING,PHASE-1,STAR DELTA STARTER WITH MPCB
307,EX-TCU - 22,TBR CURING ROOF MONITOR,TBR CURING ,EXHAUST AIR,34000,50,VANE AXIAL FAN,VDA 1000,11,1,415V-3Ph-50Hz,WORKING,PHASE-1,STAR DELTA STARTER WITH MPCB
308,EX-TCU - 23,TBR CURING ROOF MONITOR,TBR CURING ,EXHAUST AIR,34000,50,VANE AXIAL FAN,VDA 1000,11,1,415V-3Ph-50Hz,WORKING,PHASE-2,STAR DELTA STARTER WITH MPCB
309,EX-TCU - 24,TBR CURING ROOF MONITOR,TBR CURING ,EXHAUST AIR,34000,50,VANE AXIAL FAN,VDA 1000,11,1,415V-3Ph-50Hz,WORKING,PHASE-2,STAR DELTA STARTER WITH MPCB
310,EX-TCU - 25,TBR CURING ROOF MONITOR,TBR CURING ,EXHAUST AIR,34000,50,VANE AXIAL FAN,VDA 1000,11,1,415V-3Ph-50Hz,WORKING,PHASE-2,STAR DELTA STARTER WITH MPCB
311,EX-TCU - 26,TBR CURING ROOF MONITOR,TBR CURING ,EXHAUST AIR,34000,50,VANE AXIAL FAN,VDA 1000,11,1,415V-3Ph-50Hz,WORKING,PHASE-2,STAR DELTA STARTER WITH MPCB
312,EX-TCU - 27,TBR CURING ROOF MONITOR,TBR CURING ,EXHAUST AIR,34000,50,VANE AXIAL FAN,VDA 1000,11,1,415V-3Ph-50Hz,WORKING,PHASE-2,STAR DELTA STARTER WITH MPCB
313,EX-TCU - 28,TBR CURING ROOF MONITOR,TBR CURING ,EXHAUST AIR,34000,50,VANE AXIAL FAN,VDA 1000,11,1,415V-3Ph-50Hz,WORKING,PHASE-2,STAR DELTA STARTER WITH MPCB
314,EX-TCU - 29,TBR CURING ROOF MONITOR,TBR CURING ,EXHAUST AIR,34000,50,VANE AXIAL FAN,VDA 1000,11,1,415V-3Ph-50Hz,WORKING,PHASE-2,STAR DELTA STARTER WITH MPCB
315,EX-TCU - 30,TBR CURING ROOF MONITOR,TBR CURING ,EXHAUST AIR,34000,50,VANE AXIAL FAN,VDA 1000,11,1,415V-3Ph-50Hz,WORKING,PHASE-2,STAR DELTA STARTER WITH MPCB
316,EX-TCU - 31,TBR CURING ROOF MONITOR,TBR CURING ,EXHAUST AIR,34000,50,VANE AXIAL FAN,VDA 1000,11,1,415V-3Ph-50Hz,WORKING,PHASE-2,STAR DELTA STARTER WITH MPCB
317,EX-TCU - 32,TBR CURING ROOF MONITOR,TBR CURING ,EXHAUST AIR,34000,50,VANE AXIAL FAN,VDA 1000,11,1,415V-3Ph-50Hz,WORKING,PHASE-2,STAR DELTA STARTER WITH MPCB
318,EX-TCU - 33,TBR CURING ROOF MONITOR,TBR CURING ,EXHAUST AIR,34000,50,VANE AXIAL FAN,VDA 1000,11,1,415V-3Ph-50Hz,WORKING,PHASE-2,STAR DELTA STARTER WITH MPCB
319,EX-TCU - 34,TBR CURING ROOF MONITOR,TBR CURING ,EXHAUST AIR,34000,50,VANE AXIAL FAN,VDA 1000,11,1,415V-3Ph-50Hz,WORKING,PHASE-2,STAR DELTA STARTER WITH MPCB
320,EX-TCU - 35,TBR CURING ROOF MONITOR,TBR CURING ,EXHAUST AIR,34000,50,VANE AXIAL FAN,VDA 1000,11,1,415V-3Ph-50Hz,WORKING,PHASE-2,STAR DELTA STARTER WITH MPCB
321,EX-TCU - 36,TBR CURING ROOF MONITOR,TBR CURING ,EXHAUST AIR,34000,50,VANE AXIAL FAN,VDA 1000,11,1,415V-3Ph-50Hz,WORKING,PHASE-2,STAR DELTA STARTER WITH MPCB
322,EX-TCU - 37,TBR CURING ROOF MONITOR,TBR CURING ,EXHAUST AIR,34000,50,VANE AXIAL FAN,VDA 1000,11,1,415V-3Ph-50Hz,WORKING,PHASE-2,STAR DELTA STARTER WITH MPCB
323,EX-TCU - 38,TBR CURING ROOF MONITOR,TBR CURING ,EXHAUST AIR,34000,50,VANE AXIAL FAN,VDA 1000,11,1,415V-3Ph-50Hz,WORKING,PHASE-2,STAR DELTA STARTER WITH MPCB
324,EX-TCU - 39,TBR CURING ROOF MONITOR,TBR CURING ,EXHAUST AIR,34000,50,VANE AXIAL FAN,VDA 1000,11,1,415V-3Ph-50Hz,WORKING,PHASE-2,STAR DELTA STARTER WITH MPCB
325,EX-TCU - 40,TBR CURING ROOF MONITOR,TBR CURING ,EXHAUST AIR,34000,50,VANE AXIAL FAN,VDA 1000,11,1,415V-3Ph-50Hz,WORKING,PHASE-2,STAR DELTA STARTER WITH MPCB
326,EX-TCU - 41,TBR CURING ROOF MONITOR,TBR CURING ,EXHAUST AIR,34000,50,VANE AXIAL FAN,VDA 1000,11,1,415V-3Ph-50Hz,WORKING,PHASE-2,STAR DELTA STARTER WITH MPCB
327,EX-TCU - 42,TBR CURING ROOF MONITOR,TBR CURING ,EXHAUST AIR,34000,50,VANE AXIAL FAN,VDA 1000,11,1,415V-3Ph-50Hz,WORKING,PHASE-2,STAR DELTA STARTER WITH MPCB
328,EX-TCU - 43,TBR CURING ROOF MONITOR,TBR CURING ,EXHAUST AIR,34000,50,VANE AXIAL FAN,VDA 1000,11,1,415V-3Ph-50Hz,WORKING,PHASE-2,STAR DELTA STARTER WITH MPCB
329,EX-TCU - 44,TBR CURING ROOF MONITOR,TBR CURING ,EXHAUST AIR,34000,50,VANE AXIAL FAN,VDA 1000,11,1,415V-3Ph-50Hz,WORKING,PHASE-2,STAR DELTA STARTER WITH MPCB
330,EX-TCU - 45,TBR CURING ROOF MONITOR,TBR CURING ,EXHAUST AIR,34000,50,VANE AXIAL FAN,VDA 1000,11,1,415V-3Ph-50Hz,WORKING,PHASE-2,STAR DELTA STARTER WITH MPCB
331,EX-TCU - 46,TBR CURING ROOF MONITOR,TBR CURING ,EXHAUST AIR,34000,50,VANE AXIAL FAN,VDA 1000,11,1,415V-3Ph-50Hz,WORKING,PHASE-2,STAR DELTA STARTER WITH MPCB
332,EX-TCU - 47,TBR CURING ROOF MONITOR,TBR CURING ,EXHAUST AIR,34000,50,VANE AXIAL FAN,VDA 1000,11,1,415V-3Ph-50Hz,WORKING,PHASE-2,STAR DELTA STARTER WITH MPCB
333,EX-TCU - 48,TBR CURING ROOF MONITOR,TBR CURING ,EXHAUST AIR,34000,50,VANE AXIAL FAN,VDA 1000,11,1,415V-3Ph-50Hz,WORKING,PHASE-2,STAR DELTA STARTER WITH MPCB
334,EX-TCU - 49,TBR CURING ROOF MONITOR,TBR CURING ,EXHAUST AIR,34000,50,VANE AXIAL FAN,VDA 1000,11,1,415V-3Ph-50Hz,WORKING,PHASE-2,STAR DELTA STARTER WITH MPCB
335,EX-TCU - 50,TBR CURING ROOF MONITOR,TBR CURING ,EXHAUST AIR,34000,50,VANE AXIAL FAN,VDA 1000,11,1,415V-3Ph-50Hz,WORKING,PHASE-2,STAR DELTA STARTER WITH MPCB
336,EX-TCU - 51,TBR CURING ROOF MONITOR,TBR CURING ,EXHAUST AIR,34000,50,VANE AXIAL FAN,VDA 1000,11,1,415V-3Ph-50Hz,WORKING,PHASE-2,STAR DELTA STARTER WITH MPCB
337,EX-TCU - 52,TBR CURING ROOF MONITOR,TBR CURING ,EXHAUST AIR,34000,50,VANE AXIAL FAN,VDA 1000,11,1,415V-3Ph-50Hz,WORKING,PHASE-2,STAR DELTA STARTER WITH MPCB
338,EX-TCU - 53,TBR CURING ROOF MONITOR,TBR CURING ,EXHAUST AIR,34000,50,VANE AXIAL FAN,VDA 1000,11,1,415V-3Ph-50Hz,WORKING,PHASE-2,STAR DELTA STARTER WITH MPCB
339,EX-TCU - 54,TBR CURING ROOF MONITOR,TBR CURING ,EXHAUST AIR,34000,50,VANE AXIAL FAN,VDA 1000,11,1,415V-3Ph-50Hz,WORKING,PHASE-2,STAR DELTA STARTER WITH MPCB
340,EX-TCU - 55,TBR CURING ROOF MONITOR,TBR CURING ,EXHAUST AIR,34000,50,VANE AXIAL FAN,VDA 1000,11,1,415V-3Ph-50Hz,WORKING,PHASE-2,STAR DELTA STARTER WITH MPCB
341,EX-TCU - 56,TBR CURING ROOF MONITOR,TBR CURING ,EXHAUST AIR,34000,50,VANE AXIAL FAN,VDA 1000,11,1,415V-3Ph-50Hz,WORKING,PHASE-2,STAR DELTA STARTER WITH MPCB
342,EX-TCU - 57,TBR CURING ROOF MONITOR,TBR CURING ,EXHAUST AIR,34000,50,VANE AXIAL FAN,VDA 1000,11,1,415V-3Ph-50Hz,WORKING,PHASE-2,STAR DELTA STARTER WITH MPCB
343,EX-TCU - 58,TBR CURING ROOF MONITOR,TBR CURING ,EXHAUST AIR,34000,50,VANE AXIAL FAN,VDA 1000,11,1,415V-3Ph-50Hz,WORKING,PHASE-2,STAR DELTA STARTER WITH MPCB
344,EX-TCU - 59,TBR CURING ROOF MONITOR,TBR CURING ,EXHAUST AIR,34000,50,VANE AXIAL FAN,VDA 1000,11,1,415V-3Ph-50Hz,WORKING,PHASE-2,STAR DELTA STARTER WITH MPCB
345,EX-TCU - 60,TBR CURING ROOF MONITOR,TBR CURING ,EXHAUST AIR,34000,50,VANE AXIAL FAN,VDA 1000,11,1,415V-3Ph-50Hz,WORKING,PHASE-2,STAR DELTA STARTER WITH MPCB
346,EX-TCU - 61,TBR CURING ROOF MONITOR,TBR CURING ,EXHAUST AIR,34000,50,VANE AXIAL FAN,VDA 1000,11,1,415V-3Ph-50Hz,WORKING,PHASE-2,STAR DELTA STARTER WITH MPCB
347,EX-TCU - 62,TBR CURING ROOF MONITOR,TBR CURING ,EXHAUST AIR,34000,50,VANE AXIAL FAN,VDA 1000,11,1,415V-3Ph-50Hz,WORKING,PHASE-2,STAR DELTA STARTER WITH MPCB
348,EX-TCU - 63,TBR CURING ROOF MONITOR,TBR CURING ,EXHAUST AIR,34000,50,VANE AXIAL FAN,VDA 1000,11,1,415V-3Ph-50Hz,WORKING,PHASE-2,STAR DELTA STARTER WITH MPCB
349,EX-TCU - 64,TBR CURING ROOF MONITOR,TBR CURING ,EXHAUST AIR,34000,50,VANE AXIAL FAN,VDA 1000,11,1,415V-3Ph-50Hz,WORKING,PHASE-2,STAR DELTA STARTER WITH MPCB
350,EX-TCU - 65,TBR CURING ROOF MONITOR,TBR CURING ,EXHAUST AIR,34000,50,VANE AXIAL FAN,VDA 1000,11,1,415V-3Ph-50Hz,WORKING,PHASE-2,STAR DELTA STARTER WITH MPCB
351,EX-TCU - 66,TBR CURING ROOF MONITOR,TBR CURING ,EXHAUST AIR,34000,50,VANE AXIAL FAN,VDA 1000,11,1,415V-3Ph-50Hz,WORKING,PHASE-2,STAR DELTA STARTER WITH MPCB
352,EX-TCU - 67,TBR CURING ROOF MONITOR,TBR CURING ,EXHAUST AIR,34000,50,VANE AXIAL FAN,VDA 1000,11,1,415V-3Ph-50Hz,WORKING,PHASE-2,STAR DELTA STARTER WITH MPCB
353,EX-TCU - 68,TBR CURING ROOF MONITOR,TBR CURING ,EXHAUST AIR,34000,50,VANE AXIAL FAN,VDA 1000,11,1,415V-3Ph-50Hz,WORKING,PHASE-2,STAR DELTA STARTER WITH MPCB
354,EX-TCU - 69,TBR CURING ROOF MONITOR,TBR CURING ,EXHAUST AIR,34000,50,VANE AXIAL FAN,VDA 1000,11,1,415V-3Ph-50Hz,WORKING,PHASE-2,STAR DELTA STARTER WITH MPCB
355,EX-TCU - 70,TBR CURING ROOF MONITOR,TBR CURING ,EXHAUST AIR,34000,50,VANE AXIAL FAN,VDA 1000,11,1,415V-3Ph-50Hz,WORKING,PHASE-2,STAR DELTA STARTER WITH MPCB
356,EX-TCU - 71,TBR CURING ROOF MONITOR,TBR CURING ,EXHAUST AIR,34000,50,VANE AXIAL FAN,VDA 1000,11,1,415V-3Ph-50Hz,WORKING,PHASE-2,STAR DELTA STARTER WITH MPCB
357,EX-TCU - 72,TBR CURING ROOF MONITOR,TBR CURING ,EXHAUST AIR,34000,50,VANE AXIAL FAN,VDA 1000,11,1,415V-3Ph-50Hz,WORKING,PHASE-2,STAR DELTA STARTER WITH MPCB
358,EX-TCU - 73,TBR CURING ROOF MONITOR,TBR CURING ,EXHAUST AIR,34000,50,VANE AXIAL FAN,VDA 1000,11,1,415V-3Ph-50Hz,WORKING,PHASE-2,STAR DELTA STARTER WITH MPCB
359,EX-TCU - 74,TBR CURING ROOF MONITOR,TBR CURING ,EXHAUST AIR,34000,50,VANE AXIAL FAN,VDA 1000,11,1,415V-3Ph-50Hz,WORKING,PHASE-2,STAR DELTA STARTER WITH MPCB
360,EX-TCU - 75,TBR CURING ROOF MONITOR,TBR CURING ,EXHAUST AIR,34000,50,VANE AXIAL FAN,VDA 1000,11,1,415V-3Ph-50Hz,WORKING,PHASE-2,STAR DELTA STARTER WITH MPCB
361,EX-TCU - 76,TBR CURING ROOF MONITOR,TBR CURING ,EXHAUST AIR,34000,50,VANE AXIAL FAN,VDA 1000,11,1,415V-3Ph-50Hz,WORKING,PHASE-2,STAR DELTA STARTER WITH MPCB
362,EX-TCU - 77,TBR CURING ROOF MONITOR,TBR CURING ,EXHAUST AIR,34000,50,VANE AXIAL FAN,VDA 1000,11,1,415V-3Ph-50Hz,WORKING,PHASE-2,STAR DELTA STARTER WITH MPCB
363,EX-TCU - 78,TBR CURING ROOF MONITOR,TBR CURING ,EXHAUST AIR,34000,50,VANE AXIAL FAN,VDA 1000,11,1,415V-3Ph-50Hz,WORKING,PHASE-2,STAR DELTA STARTER WITH MPCB
364,EX-TCU - 79,TBR CURING ROOF MONITOR,TBR CURING ,EXHAUST AIR,34000,50,VANE AXIAL FAN,VDA 1000,11,1,415V-3Ph-50Hz,WORKING,PHASE-2,STAR DELTA STARTER WITH MPCB
365,EX-TCU - 80,TBR CURING ROOF MONITOR,TBR CURING ,EXHAUST AIR,34000,50,VANE AXIAL FAN,VDA 1000,11,1,415V-3Ph-50Hz,WORKING,PHASE-2,STAR DELTA STARTER WITH MPCB
366,EX-TCU - 81,TBR CURING ROOF MONITOR,TBR CURING ,EXHAUST AIR,34000,50,VANE AXIAL FAN,VDA 1000,11,1,415V-3Ph-50Hz,WORKING,PHASE-2,STAR DELTA STARTER WITH MPCB
367,EX-TCU - 82,TBR CURING ROOF MONITOR,TBR CURING ,EXHAUST AIR,34000,50,VANE AXIAL FAN,VDA 1000,11,1,415V-3Ph-50Hz,WORKING,PHASE-2,STAR DELTA STARTER WITH MPCB
368,EX-TCU - 83,TBR CURING ROOF MONITOR,TBR CURING ,EXHAUST AIR,34000,50,VANE AXIAL FAN,VDA 1000,11,1,415V-3Ph-50Hz,WORKING,PHASE-2,STAR DELTA STARTER WITH MPCB
369,EX-TCU - 84,TBR CURING ROOF MONITOR,TBR CURING ,EXHAUST AIR,34000,50,VANE AXIAL FAN,VDA 1000,11,1,415V-3Ph-50Hz,WORKING,PHASE-2,STAR DELTA STARTER WITH MPCB
370,EX-TCU - 85,TBR CURING ROOF MONITOR,TBR CURING ,EXHAUST AIR,34000,50,VANE AXIAL FAN,VDA 1000,11,1,415V-3Ph-50Hz,WORKING,PHASE-2,STAR DELTA STARTER WITH MPCB
371,EX-TCU - 86,TBR CURING ROOF MONITOR,TBR CURING ,EXHAUST AIR,34000,50,VANE AXIAL FAN,VDA 1000,11,1,415V-3Ph-50Hz,WORKING,PHASE-2,STAR DELTA STARTER WITH MPCB
372,EX-TCU - 87,TBR CURING ROOF MONITOR,TBR CURING ,EXHAUST AIR,34000,50,VANE AXIAL FAN,VDA 1000,11,1,415V-3Ph-50Hz,WORKING,PHASE-2,STAR DELTA STARTER WITH MPCB
373,EX-TCU - 88,TBR CURING ROOF MONITOR,TBR CURING ,EXHAUST AIR,34000,50,VANE AXIAL FAN,VDA 1000,11,1,415V-3Ph-50Hz,WORKING,PHASE-2,STAR DELTA STARTER WITH MPCB
374,EX-TCU - 89,TBR CURING ROOF MONITOR,TBR CURING ,EXHAUST AIR,34000,50,VANE AXIAL FAN,VDA 1000,11,1,415V-3Ph-50Hz,WORKING,PHASE-2,STAR DELTA STARTER WITH MPCB
375,EX-TCU - 90,TBR CURING ROOF MONITOR,TBR CURING ,EXHAUST AIR,34000,50,VANE AXIAL FAN,VDA 1000,11,1,415V-3Ph-50Hz,WORKING,PHASE-2,STAR DELTA STARTER WITH MPCB
376,EX-TCU - 91,TBR CURING ROOF MONITOR,TBR CURING ,EXHAUST AIR,34000,50,VANE AXIAL FAN,VDA 1000,11,1,415V-3Ph-50Hz,WORKING,PHASE-2,STAR DELTA STARTER WITH MPCB
377,EX-TCU - 92,TBR CURING ROOF MONITOR,TBR CURING ,EXHAUST AIR,34000,50,VANE AXIAL FAN,VDA 1000,11,1,415V-3Ph-50Hz,WORKING,PHASE-2,STAR DELTA STARTER WITH MPCB
378,EX-TCU - 93,TBR CURING ROOF MONITOR,TBR CURING ,EXHAUST AIR,34000,50,VANE AXIAL FAN,VDA 1000,11,1,415V-3Ph-50Hz,WORKING,PHASE-2,STAR DELTA STARTER WITH MPCB
379,EX-TCU - 94,TBR CURING ROOF MONITOR,TBR CURING ,EXHAUST AIR,34000,50,VANE AXIAL FAN,VDA 1000,11,1,415V-3Ph-50Hz,WORKING,PHASE-2,STAR DELTA STARTER WITH MPCB
380,EX-TCU - 95,TBR CURING ROOF MONITOR,TBR CURING ,EXHAUST AIR,34000,50,VANE AXIAL FAN,VDA 1000,11,1,415V-3Ph-50Hz,WORKING,PHASE-2,STAR DELTA STARTER WITH MPCB
381,EX-TCU - 96,TBR CURING ROOF MONITOR,TBR CURING ,EXHAUST AIR,34000,50,VANE AXIAL FAN,VDA 1000,11,1,415V-3Ph-50Hz,WORKING,PHASE-2,STAR DELTA STARTER WITH MPCB
382,EX-TCU - 97,TBR CURING ROOF MONITOR,TBR CURING ,EXHAUST AIR,34000,50,VANE AXIAL FAN,VDA 1000,11,1,415V-3Ph-50Hz,WORKING,PHASE-2,STAR DELTA STARTER WITH MPCB
383,EX-TCU - 98,TBR CURING ROOF MONITOR,TBR CURING ,EXHAUST AIR,34000,50,VANE AXIAL FAN,VDA 1000,11,1,415V-3Ph-50Hz,WORKING,PHASE-2,STAR DELTA STARTER WITH MPCB
384,EX-TCU - 99,TBR CURING ROOF MONITOR,TBR CURING ,EXHAUST AIR,34000,50,VANE AXIAL FAN,VDA 1000,11,1,415V-3Ph-50Hz,WORKING,PHASE-2,STAR DELTA STARTER WITH MPCB
385,EX-TCU - 100,TBR CURING ROOF MONITOR,TBR CURING ,EXHAUST AIR,34000,50,VANE AXIAL FAN,VDA 1000,11,1,415V-3Ph-50Hz,WORKING,PHASE-2,STAR DELTA STARTER WITH MPCB
386,AHU-TT-01,TEST CENTER ROOF,TEST CENTER,AIR-CONDITIONING,35,40,THERMAL BREAK AHU,,40.5,1,415V-3Ph-50Hz,WORKING,PHASE-1,STAR DELTA STARTER WITH MPCB
387,AHU-TT-02,TEST CENTER ROOF,TEST CENTER,AIR-CONDITIONING,35,40,THERMAL BREAK AHU,,40.5,1,415V-3Ph-50Hz,WORKING,PHASE-1,STAR DELTA STARTER WITH MPCB
388,AHU-TT-03,TEST CENTER ROOF,TEST CENTER,AIR-CONDITIONING,35,40,THERMAL BREAK AHU,,40.5,1,415V-3Ph-50Hz,WORKING,PHASE-2,STAR DELTA STARTER WITH MPCB
389,CHWP-11,PCR CURING ,TEST CENTER AHU,SECONDARY CHILLED WATER,77.2,30,CLOSE-COUPLED CENTRIFUGAL PUMP,NB-,11,1,415V-3Ph-50Hz,WORKING,PHASE-1,VFD STARTER
390,CHWP-12,PCR CURING ,TEST CENTER AHU,SECONDARY CHILLED WATER,77.2,30,CLOSE-COUPLED CENTRIFUGAL PUMP,NB-,11,1,415V-3Ph-50Hz,STANDBY,PHASE-1,VFD STARTER
391,CHWP-20,PCR CURING ,TEST CENTER AHU,SECONDARY CHILLED WATER,77.2,30,CLOSE-COUPLED CENTRIFUGAL PUMP,NB-,11,1,415V-3Ph-50Hz,WORKING,PHASE-2,VFD STARTER
,,,,,,,,,,,,,,
,,,,,,,,,,,,,,
,,,,,,,,,,,,,,
,,,,,,,,,,,,,,
,,,,,,,,,,,,,,
,,,,,,,,,,,,,,
,,,,,,,,,,,,,,
,,,,,,,,,,,,,,
,,,,,,,,,,,,,,
,,,,,,,,,,,,,,
,,,,,,,,,,,,,,
,,,,,,,,,,,,,,
,,,,,,,,,,,,,,
,,,,,,,,,,,,,,
,,,,,,,,,,,,,,
,,,,,,,,,,,,,,
,,,,,,,,,,,,,,
,,,,,,,,,,,,,,
,,,,,,,,,,,,,,
,,,,,,,,,,,,,,
,,,,,,,,,,,,,,
,,,,,,,,,,,,,,
,,,,,,,,,,,,,,
,,,,,,,,,,,,,,
,,,,,,,,,,,,,,
,,,,,,,,,,,,,,
,,,,,,,,,,,,,,
,,,,,,,,,,,,,,
,,,,,,,,,,,,,,
,,,,,,,,,,,,,,
,,,,,,,,,,,,,,
,,,,,,,,,,,,,,
,,,,,,,,,,,,,,
,,,,,,,,,,,,,,
,,,,,,,,,,,,,,
,,,,,,,,,,,,,,
,,,,,,,,,,,,,,
,,,,,,,,,,,,,,
,,,,,,,,,,,,,,
,,,,,,,,,,,,,,
,,,,,,,,,,,,,,
,,,,,,,,,,,,,,
,,,,,,,,,,,,,,
,,,,,,,,,,,,,,
,,,,,,,,,,,,,,
,,,,,,,,,,,,,,
,,,,,,,,,,,,,,
,,,,,,,,,,,,,,
,,,,,,,,,,,,,,
,,,,,,,,,,,,,,
,,,,,,,,,,,,,,
,,,,,,,,,,,,,,
,,,,,,,,,,,,,,
,,,,,,,,,,,,,,
,,,,,,,,,,,,,,
,,,,,,,,,,,,,,
,,,,,,,,,,,,,,
,,,,,,,,,,,,,,
,,,,,,,,,,,,,,
,,,,,,,,,,,,,,
,,,,,,,,,,,,,,
,,,,,,,,,,,,,,
,,,,,,,,,,,,,,
,,,,,,,,,,,,,,
,,,,,,,,,,,,,,
,,,,,,,,,,,,,,
,,,,,,,,,,,,,,
,,,,,,,,,,,,,,
,,,,,,,,,,,,,,
,,,,,,,,,,,,,,
,,,,,,,,,,,,,,
,,,,,,,,,,,,,,
,,,,,,,,,,,,,,
,,,,,,,,,,,,,,
,,,,,,,,,,,,,,
,,,,,,,,,,,,,,
,,,,,,,,,,,,,,
,,,,,,,,,,,,,,
,,,,,,,,,,,,,,
,,,,,,,,,,,,,,
,,,,,,,,,,,,,,
,,,,,,,,,,,,,,
,,,,,,,,,,,,,,
,,,,,,,,,,,,,,
,,,,,,,,,,,,,,
,,,,,,,,,,,,,,
,,,,,,,,,,,,,,
,,,,,,,,,,,,,,
,,,,,,,,,,,,,,
,,,,,,,,,,,,,,
,,,,,,,,,,,,,,
,,,,,,,,,,,,,,
,,,,,,,,,,,,,,
,,,,,,,,,,,,,,
,,,,,,,,,,,,,,
,,,,,,,,,,,,,,
,,,,,,,,,,,,,,
,,,,,,,,,,,,,,
,,,,,,,,,,,,,,
,,,,,,,,,,,,,,
,,,,,,,,,,,,,,
,,,,,,,,,,,,,,
,,,,,,,,,,,,,,
,,,,,,,,,,,,,,
,,,,,,,,,,,,,,
,,,,,,,,,,,,,,
,,,,,,,,,,,,,,
,,,,,,,,,,,,,,
,,,,,,,,,,,,,,
,,,,,,,,,,,,,,
,,,,,,,,,,,,,,
,,,,,,,,,,,,,,
,,,,,,,,,,,,,,
,,,,,,,,,,,,,,
,,,,,,,,,,,,,,
,,,,,,,,,,,,,,
,,,,,,,,,,,,,,
,,,,,,,,,,,,,,
,,,,,,,,,,,,,,
,,,,,,,,,,,,,,
,,,,,,,,,,,,,,
,,,,,,,,,,,,,,
,,,,,,,,,,,,,,
,,,,,,,,,,,,,,
,,,,,,,,,,,,,,
,,,,,,,,,,,,,,
,,,,,,,,,,,,,,
,,,,,,,,,,,,,,
,,,,,,,,,,,,,,
,,,,,,,,,,,,,,
,,,,,,,,,,,,,,
,,,,,,,,,,,,,,
,,,,,,,,,,,,,,
,,,,,,,,,,,,,,
,,,,,,,,,,,,,,
,,,,,,,,,,,,,,
,,,,,,,,,,,,,,
,,,,,,,,,,,,,,
,,,,,,,,,,,,,,
,,,,,,,,,,,,,,
,,,,,,,,,,,,,,
,,,,,,,,,,,,,,
,,,,,,,,,,,,,,
,,,,,,,,,,,,,,
,,,,,,,,,,,,,,
,,,,,,,,,,,,,,
,,,,,,,,,,,,,,
,,,,,,,,,,,,,,
,,,,,,,,,,,,,,
,,,,,,,,,,,,,,
,,,,,,,,,,,,,,
,,,,,,,,,,,,,,
,,,,,,,,,,,,,,
,,,,,,,,,,,,,,
,,,,,,,,,,,,,,
,,,,,,,,,,,,,,
,,,,,,,,,,,,,,
,,,,,,,,,,,,,,
,,,,,,,,,,,,,,
,,,,,,,,,,,,,,
,,,,,,,,,,,,,,
,,,,,,,,,,,,,,
,,,,,,,,,,,,,,
,,,,,,,,,,,,,,
,,,,,,,,,,,,,,
,,,,,,,,,,,,,,
,,,,,,,,,,,,,,
,,,,,,,,,,,,,,
,,,,,,,,,,,,,,
,,,,,,,,,,,,,,
,,,,,,,,,,,,,,
,,,,,,,,,,,,,,
,,,,,,,,,,,,,,
,,,,,,,,,,,,,,
,,,,,,,,,,,,,,
,,,,,,,,,,,,,,
,,,,,,,,,,,,,,
,,,,,,,,,,,,,,
,,,,,,,,,,,,,,
,,,,,,,,,,,,,,
,,,,,,,,,,,,,,
,,,,,,,,,,,,,,
,,,,,,,,,,,,,,
,,,,,,,,,,,,,,
,,,,,,,,,,,,,,
,,,,,,,,,,,,,,
,,,,,,,,,,,,,,
,,,,,,,,,,,,,,
,,,,,,,,,,,,,,
,,,,,,,,,,,,,,
,,,,,,,,,,,,,,
,,,,,,,,,,,,,,
,,,,,,,,,,,,,,
,,,,,,,,,,,,,,
,,,,,,,,,,,,,,
,,,,,,,,,,,,,,
,,,,,,,,,,,,,,
,,,,,,,,,,,,,,
,,,,,,,,,,,,,,
,,,,,,,,,,,,,,
,,,,,,,,,,,,,,
,,,,,,,,,,,,,,
,,,,,,,,,,,,,,
,,,,,,,,,,,,,,
,,,,,,,,,,,,,,
,,,,,,,,,,,,,,
,,,,,,,,,,,,,,
,,,,,,,,,,,,,,
,,,,,,,,,,,,,,
,,,,,,,,,,,,,,
,,,,,,,,,,,,,,
,,,,,,,,,,,,,,
,,,,,,,,,,,,,,
,,,,,,,,,,,,,,
,,,,,,,,,,,,,,
,,,,,,,,,,,,,,
,,,,,,,,,,,,,,
,,,,,,,,,,,,,,
,,,,,,,,,,,,,,
,,,,,,,,,,,,,,
,,,,,,,,,,,,,,
,,,,,,,,,,,,,,
,,,,,,,,,,,,,,
,,,,,,,,,,,,,,
,,,,,,,,,,,,,,
,,,,,,,,,,,,,,
,,,,,,,,,,,,,,
,,,,,,,,,,,,,,
,,,,,,,,,,,,,,
,,,,,,,,,,,,,,
,,,,,,,,,,,,,,
,,,,,,,,,,,,,,
,,,,,,,,,,,,,,
,,,,,,,,,,,,,,
,,,,,,,,,,,,,,
,,,,,,,,,,,,,,
,,,,,,,,,,,,,,
,,,,,,,,,,,,,,
,,,,,,,,,,,,,,
,,,,,,,,,,,,,,
,,,,,,,,,,,,,,
,,,,,,,,,,,,,,
,,,,,,,,,,,,,,
,,,,,,,,,,,,,,
,,,,,,,,,,,,,,
,,,,,,,,,,,,,,
,,,,,,,,,,,,,,
,,,,,,,,,,,,,,
,,,,,,,,,,,,,,
,,,,,,,,,,,,,,
,,,,,,,,,,,,,,
,,,,,,,,,,,,,,
,,,,,,,,,,,,,,
,,,,,,,,,,,,,,
,,,,,,,,,,,,,,
,,,,,,,,,,,,,,
,,,,,,,,,,,,,,
,,,,,,,,,,,,,,
,,,,,,,,,,,,,,
,,,,,,,,,,,,,,
,,,,,,,,,,,,,,
,,,,,,,,,,,,,,
,,,,,,,,,,,,,,
,,,,,,,,,,,,,,
,,,,,,,,,,,,,,
,,,,,,,,,,,,,,
,,,,,,,,,,,,,,
,,,,,,,,,,,,,,
,,,,,,,,,,,,,,
,,,,,,,,,,,,,,
,,,,,,,,,,,,,,
,,,,,,,,,,,,,,
,,,,,,,,,,,,,,
,,,,,,,,,,,,,,
,,,,,,,,,,,,,,
,,,,,,,,,,,,,,
,,,,,,,,,,,,,,
,,,,,,,,,,,,,,
,,,,,,,,,,,,,,
,,,,,,,,,,,,,,
,,,,,,,,,,,,,,
,,,,,,,,,,,,,,
,,,,,,,,,,,,,,
,,,,,,,,,,,,,,
,,,,,,,,,,,,,,
,,,,,,,,,,,,,,
,,,,,,,,,,,,,,
,,,,,,,,,,,,,,
,,,,,,,,,,,,,,
,,,,,,,,,,,,,,
,,,,,,,,,,,,,,
,,,,,,,,,,,,,,
,,,,,,,,,,,,,,
,,,,,,,,,,,,,,
,,,,,,,,,,,,,,
,,,,,,,,,,,,,,
,,,,,,,,,,,,,,
,,,,,,,,,,,,,,
,,,,,,,,,,,,,,
,,,,,,,,,,,,,,
,,,,,,,,,,,,,,
,,,,,,,,,,,,,,
,,,,,,,,,,,,,,
,,,,,,,,,,,,,,
,,,,,,,,,,,,,,
,,,,,,,,,,,,,,
,,,,,,,,,,,,,,
,,,,,,,,,,,,,,
,,,,,,,,,,,,,,
,,,,,,,,,,,,,,
,,,,,,,,,,,,,,
,,,,,,,,,,,,,,
,,,,,,,,,,,,,,
,,,,,,,,,,,,,,
,,,,,,,,,,,,,,
,,,,,,,,,,,,,,
,,,,,,,,,,,,,,
,,,,,,,,,,,,,,
,,,,,,,,,,,,,,
,,,,,,,,,,,,,,
,,,,,,,,,,,,,,
,,,,,,,,,,,,,,
,,,,,,,,,,,,,,
,,,,,,,,,,,,,,
,,,,,,,,,,,,,,
,,,,,,,,,,,,,,
,,,,,,,,,,,,,,
,,,,,,,,,,,,,,
,,,,,,,,,,,,,,
,,,,,,,,,,,,,,
,,,,,,,,,,,,,,
,,,,,,,,,,,,,,
,,,,,,,,,,,,,,
,,,,,,,,,,,,,,
,,,,,,,,,,,,,,
,,,,,,,,,,,,,,
,,,,,,,,,,,,,,
,,,,,,,,,,,,,,
,,,,,,,,,,,,,,
,,,,,,,,,,,,,,
,,,,,,,,,,,,,,
,,,,,,,,,,,,,,
,,,,,,,,,,,,,,
,,,,,,,,,,,,,,
,,,,,,,,,,,,,,
,,,,,,,,,,,,,,
,,,,,,,,,,,,,,
,,,,,,,,,,,,,,
,,,,,,,,,,,,,,
,,,,,,,,,,,,,,
,,,,,,,,,,,,,,
,,,,,,,,,,,,,,
,,,,,,,,,,,,,,
,,,,,,,,,,,,,,
,,,,,,,,,,,,,,
,,,,,,,,,,,,,,
,,,,,,,,,,,,,,
,,,,,,,,,,,,,,
,,,,,,,,,,,,,,
,,,,,,,,,,,,,,
,,,,,,,,,,,,,,
,,,,,,,,,,,,,,
,,,,,,,,,,,,,,
,,,,,,,,,,,,,,
,,,,,,,,,,,,,,
,,,,,,,,,,,,,,
,,,,,,,,,,,,,,
,,,,,,,,,,,,,,
,,,,,,,,,,,,,,
,,,,,,,,,,,,,,
,,,,,,,,,,,,,,
,,,,,,,,,,,,,,
,,,,,,,,,,,,,,
,,,,,,,,,,,,,,
,,,,,,,,,,,,,,
,,,,,,,,,,,,,,
,,,,,,,,,,,,,,
,,,,,,,,,,,,,,
,,,,,,,,,,,,,,
,,,,,,,,,,,,,,
,,,,,,,,,,,,,,
,,,,,,,,,,,,,,
,,,,,,,,,,,,,,
,,,,,,,,,,,,,,
,,,,,,,,,,,,,,
,,,,,,,,,,,,,,
,,,,,,,,,,,,,,
,,,,,,,,,,,,,,
,,,,,,,,,,,,,,
,,,,,,,,,,,,,,
,,,,,,,,,,,,,,
,,,,,,,,,,,,,,
,,,,,,,,,,,,,,
,,,,,,,,,,,,,,
,,,,,,,,,,,,,,
,,,,,,,,,,,,,,
,,,,,,,,,,,,,,
,,,,,,,,,,,,,,
,,,,,,,,,,,,,,
,,,,,,,,,,,,,,
,,,,,,,,,,,,,,
,,,,,,,,,,,,,,
,,,,,,,,,,,,,,
,,,,,,,,,,,,,,
,,,,,,,,,,,,,,
,,,,,,,,,,,,,,
,,,,,,,,,,,,,,
,,,,,,,,,,,,,,
,,,,,,,,,,,,,,
,,,,,,,,,,,,,,
,,,,,,,,,,,,,,
,,,,,,,,,,,,,,
,,,,,,,,,,,,,,
,,,,,,,,,,,,,,
,,,,,,,,,,,,,,
,,,,,,,,,,,,,,
,,,,,,,,,,,,,,
,,,,,,,,,,,,,,
,,,,,,,,,,,,,,
,,,,,,,,,,,,,,
,,,,,,,,,,,,,,
,,,,,,,,,,,,,,
,,,,,,,,,,,,,,
,,,,,,,,,,,,,,
,,,,,,,,,,,,,,
,,,,,,,,,,,,,,
,,,,,,,,,,,,,,
,,,,,,,,,,,,,,
,,,,,,,,,,,,,,
,,,,,,,,,,,,,,
,,,,,,,,,,,,,,
,,,,,,,,,,,,,,
,,,,,,,,,,,,,,
,,,,,,,,,,,,,,
,,,,,,,,,,,,,,
,,,,,,,,,,,,,,
,,,,,,,,,,,,,,
,,,,,,,,,,,,,,
,,,,,,,,,,,,,,
,,,,,,,,,,,,,,
,,,,,,,,,,,,,,
,,,,,,,,,,,,,,
,,,,,,,,,,,,,,
,,,,,,,,,,,,,,
,,,,,,,,,,,,,,
,,,,,,,,,,,,,,
,,,,,,,,,,,,,,
,,,,,,,,,,,,,,
,,,,,,,,,,,,,,
,,,,,,,,,,,,,,
,,,,,,,,,,,,,,
,,,,,,,,,,,,,,
,,,,,,,,,,,,,,
,,,,,,,,,,,,,,
,,,,,,,,,,,,,,
,,,,,,,,,,,,,,
,,,,,,,,,,,,,,
,,,,,,,,,,,,,,
,,,,,,,,,,,,,,
,,,,,,,,,,,,,,
,,,,,,,,,,,,,,
,,,,,,,,,,,,,,
,,,,,,,,,,,,,,
,,,,,,,,,,,,,,
,,,,,,,,,,,,,,
,,,,,,,,,,,,,,
,,,,,,,,,,,,,,
,,,,,,,,,,,,,,
,,,,,,,,,,,,,,
,,,,,,,,,,,,,,
,,,,,,,,,,,,,,
,,,,,,,,,,,,,,
,,,,,,,,,,,,,,
,,,,,,,,,,,,,,
,,,,,,,,,,,,,,
,,,,,,,,,,,,,,
,,,,,,,,,,,,,,
,,,,,,,,,,,,,,
,,,,,,,,,,,,,,
,,,,,,,,,,,,,,
,,,,,,,,,,,,,,
,,,,,,,,,,,,,,
,,,,,,,,,,,,,,
,,,,,,,,,,,,,,
,,,,,,,,,,,,,,
,,,,,,,,,,,,,,
,,,,,,,,,,,,,,
,,,,,,,,,,,,,,
,,,,,,,,,,,,,,
,,,,,,,,,,,,,,
,,,,,,,,,,,,,,
,,,,,,,,,,,,,,
,,,,,,,,,,,,,,
,,,,,,,,,,,,,,
,,,,,,,,,,,,,,
,,,,,,,,,,,,,,
,,,,,,,,,,,,,,
,,,,,,,,,,,,,,
,,,,,,,,,,,,,,
,,,,,,,,,,,,,,
,,,,,,,,,,,,,,
,,,,,,,,,,,,,,
,,,,,,,,,,,,,,
,,,,,,,,,,,,,,
,,,,,,,,,,,,,,
,,,,,,,,,,,,,,
,,,,,,,,,,,,,,
,,,,,,,,,,,,,,
,,,,,,,,,,,,,,
,,,,,,,,,,,,,,
,,,,,,,,,,,,,,
,,,,,,,,,,,,,,
,,,,,,,,,,,,,,
,,,,,,,,,,,,,,
,,,,,,,,,,,,,,
,,,,,,,,,,,,,,
,,,,,,,,,,,,,,
,,,,,,,,,,,,,,
,,,,,,,,,,,,,,
,,,,,,,,,,,,,,
,,,,,,,,,,,,,,
,,,,,,,,,,,,,,
,,,,,,,,,,,,,,
,,,,,,,,,,,,,,
,,,,,,,,,,,,,,
,,,,,,,,,,,,,,
,,,,,,,,,,,,,,
,,,,,,,,,,,,,,
,,,,,,,,,,,,,,
,,,,,,,,,,,,,,
,,,,,,,,,,,,,,
,,,,,,,,,,,,,,
,,,,,,,,,,,,,,
,,,,,,,,,,,,,,
,,,,,,,,,,,,,,
,,,,,,,,,,,,,,
,,,,,,,,,,,,,,
,,,,,,,,,,,,,,
,,,,,,,,,,,,,,
,,,,,,,,,,,,,,
,,,,,,,,,,,,,,
,,,,,,,,,,,,,,
,,,,,,,,,,,,,,
,,,,,,,,,,,,,,
,,,,,,,,,,,,,,
,,,,,,,,,,,,,,
,,,,,,,,,,,,,,
,,,,,,,,,,,,,,
,,,,,,,,,,,,,,
,,,,,,,,,,,,,,
,,,,,,,,,,,,,,
,,,,,,,,,,,,,,
,,,,,,,,,,,,,,
,,,,,,,,,,,,,,
,,,,,,,,,,,,,,
,,,,,,,,,,,,,,
,,,,,,,,,,,,,,
,,,,,,,,,,,,,,
,,,,,,,,,,,,,,
,,,,,,,,,,,,,,
,,,,,,,,,,,,,,
,,,,,,,,,,,,,,
,,,,,,,,,,,,,,
,,,,,,,,,,,,,,
,,,,,,,,,,,,,,
,,,,,,,,,,,,,,
,,,,,,,,,,,,,,
,,,,,,,,,,,,,,
,,,,,,,,,,,,,,
,,,,,,,,,,,,,,
,,,,,,,,,,,,,,
,,,,,,,,,,,,,,
,,,,,,,,,,,,,,
,,,,,,,,,,,,,,
,,,,,,,,,,,,,,
,,,,,,,,,,,,,,
,,,,,,,,,,,,,,
,,,,,,,,,,,,,,
,,,,,,,,,,,,,,
,,,,,,,,,,,,,,
,,,,,,,,,,,,,,
,,,,,,,,,,,,,,
,,,,,,,,,,,,,,
,,,,,,,,,,,,,,
,,,,,,,,,,,,,,
,,,,,,,,,,,,,,
,,,,,,,,,,,,,,
,,,,,,,,,,,,,,
,,,,,,,,,,,,,,
,,,,,,,,,,,,,,
,,,,,,,,,,,,,,
,,,,,,,,,,,,,,
,,,,,,,,,,,,,,
,,,,,,,,,,,,,,
,,,,,,,,,,,,,,
,,,,,,,,,,,,,,
,,,,,,,,,,,,,,
,,,,,,,,,,,,,,
,,,,,,,,,,,,,,
,,,,,,,,,,,,,,
,,,,,,,,,,,,,,
,,,,,,,,,,,,,,
,,,,,,,,,,,,,,
,,,,,,,,,,,,,,
,,,,,,,,,,,,,,
,,,,,,,,,,,,,,
,,,,,,,,,,,,,,
,,,,,,,,,,,,,,
,,,,,,,,,,,,,,
,,,,,,,,,,,,,,
,,,,,,,,,,,,,,
,,,,,,,,,,,,,,
,,,,,,,,,,,,,,
,,,,,,,,,,,,,,
,,,,,,,,,,,,,,
,,,,,,,,,,,,,,
,,,,,,,,,,,,,,
,,,,,,,,,,,,,,
,,,,,,,,,,,,,,
,,,,,,,,,,,,,,
,,,,,,,,,,,,,,
,,,,,,,,,,,,,,
,,,,,,,,,,,,,,
,,,,,,,,,,,,,,
,,,,,,,,,,,,,,
,,,,,,,,,,,,,,
,,,,,,,,,,,,,,
,,,,,,,,,,,,,,
,,,,,,,,,,,,,,
,,,,,,,,,,,,,,
,,,,,,,,,,,,,,
,,,,,,,,,,,,,,
,,,,,,,,,,,,,,
,,,,,,,,,,,,,,
,,,,,,,,,,,,,,
,,,,,,,,,,,,,,
,,,,,,,,,,,,,,
,,,,,,,,,,,,,,
,,,,,,,,,,,,,,
,,,,,,,,,,,,,,
,,,,,,,,,,,,,,
,,,,,,,,,,,,,,
,,,,,,,,,,,,,,
,,,,,,,,,,,,,,
,,,,,,,,,,,,,,
,,,,,,,,,,,,,,
,,,,,,,,,,,,,,
,,,,,,,,,,,,,,
,,,,,,,,,,,,,,
,,,,,,,,,,,,,,
,,,,,,,,,,,,,,
,,,,,,,,,,,,,,
,,,,,,,,,,,,,,
,,,,,,,,,,,,,,
,,,,,,,,,,,,,,
,,,,,,,,,,,,,,
,,,,,,,,,,,,,,
,,,,,,,,,,,,,,
,,,,,,,,,,,,,,
,,,,,,,,,,,,,,
,,,,,,,,,,,,,,
,,,,,,,,,,,,,,
,,,,,,,,,,,,,,
,,,,,,,,,,,,,,
,,,,,,,,,,,,,,
,,,,,,,,,,,,,,
,,,,,,,,,,,,,,
,,,,,,,,,,,,,,
,,,,,,,,,,,,,,
,,,,,,,,,,,,,,
,,,,,,,,,,,,,,
,,,,,,,,,,,,,,
,,,,,,,,,,,,,,
,,,,,,,,,,,,,,
,,,,,,,,,,,,,,
,,,,,,,,,,,,,,
,,,,,,,,,,,,,,
,,,,,,,,,,,,,,
,,,,,,,,,,,,,,
,,,,,,,,,,,,,,
,,,,,,,,,,,,,,
,,,,,,,,,,,,,,
,,,,,,,,,,,,,,
,,,,,,,,,,,,,,
,,,,,,,,,,,,,,
,,,,,,,,,,,,,,
,,,,,,,,,,,,,,
,,,,,,,,,,,,,,
,,,,,,,,,,,,,,
,,,,,,,,,,,,,,
,,,,,,,,,,,,,,
,,,,,,,,,,,,,,
,,,,,,,,,,,,,,
,,,,,,,,,,,,,,
,,,,,,,,,,,,,,
,,,,,,,,,,,,,,
,,,,,,,,,,,,,,
,,,,,,,,,,,,,,
,,,,,,,,,,,,,,
,,,,,,,,,,,,,,
,,,,,,,,,,,,,,
,,,,,,,,,,,,,,
,,,,,,,,,,,,,,
,,,,,,,,,,,,,,
,,,,,,,,,,,,,,
,,,,,,,,,,,,,,
,,,,,,,,,,,,,,
,,,,,,,,,,,,,,
,,,,,,,,,,,,,,
,,,,,,,,,,,,,,
,,,,,,,,,,,,,,
,,,,,,,,,,,,,,
,,,,,,,,,,,,,,
,,,,,,,,,,,,,,
,,,,,,,,,,,,,,
,,,,,,,,,,,,,,
,,,,,,,,,,,,,,
,,,,,,,,,,,,,,
,,,,,,,,,,,,,,
,,,,,,,,,,,,,,
,,,,,,,,,,,,,,
,,,,,,,,,,,,,,
,,,,,,,,,,,,,,
,,,,,,,,,,,,,,
,,,,,,,,,,,,,,
,,,,,,,,,,,,,,
,,,,,,,,,,,,,,
,,,,,,,,,,,,,,
,,,,,,,,,,,,,,
,,,,,,,,,,,,,,
,,,,,,,,,,,,,,
,,,,,,,,,,,,,,
,,,,,,,,,,,,,,
,,,,,,,,,,,,,,
,,,,,,,,,,,,,,
,,,,,,,,,,,,,,
,,,,,,,,,,,,,,
,,,,,,,,,,,,,,
,,,,,,,,,,,,,,
,,,,,,,,,,,,,,
,,,,,,,,,,,,,,
,,,,,,,,,,,,,,
,,,,,,,,,,,,,,
,,,,,,,,,,,,,,
,,,,,,,,,,,,,,
,,,,,,,,,,,,,,
,,,,,,,,,,,,,,
,,,,,,,,,,,,,,
,,,,,,,,,,,,,,
,,,,,,,,,,,,,,
,,,,,,,,,,,,,,
,,,,,,,,,,,,,,
,,,,,,,,,,,,,,
,,,,,,,,,,,,,,
,,,,,,,,,,,,,,
,,,,,,,,,,,,,,
,,,,,,,,,,,,,,
,,,,,,,,,,,,,,
,,,,,,,,,,,,,,
,,,,,,,,,,,,,,
,,,,,,,,,,,,,,
,,,,,,,,,,,,,,
,,,,,,,,,,,,,,
,,,,,,,,,,,,,,
,,,,,,,,,,,,,,
,,,,,,,,,,,,,,
,,,,,,,,,,,,,,
,,,,,,,,,,,,,,
,,,,,,,,,,,,,,
,,,,,,,,,,,,,,
,,,,,,,,,,,,,,
,,,,,,,,,,,,,,
,,,,,,,,,,,,,,
,,,,,,,,,,,,,,
,,,,,,,,,,,,,,
,,,,,,,,,,,,,,
,,,,,,,,,,,,,,
,,,,,,,,,,,,,,
,,,,,,,,,,,,,,
,,,,,,,,,,,,,,
,,,,,,,,,,,,,,
,,,,,,,,,,,,,,
,,,,,,,,,,,,,,
,,,,,,,,,,,,,,
,,,,,,,,,,,,,,
,,,,,,,,,,,,,,
,,,,,,,,,,,,,,
,,,,,,,,,,,,,,
,,,,,,,,,,,,,,
,,,,,,,,,,,,,,
,,,,,,,,,,,,,,
,,,,,,,,,,,,,,
,,,,,,,,,,,,,,
,,,,,,,,,,,,,,
,,,,,,,,,,,,,,
,,,,,,,,,,,,,,
,,,,,,,,,,,,,,
,,,,,,,,,,,,,,
,,,,,,,,,,,,,,
,,,,,,,,,,,,,,
,,,,,,,,,,,,,,
,,,,,,,,,,,,,,
,,,,,,,,,,,,,,
,,,,,,,,,,,,,,
,,,,,,,,,,,,,,
,,,,,,,,,,,,,,
,,,,,,,,,,,,,,
,,,,,,,,,,,,,,
,,,,,,,,,,,,,,
,,,,,,,,,,,,,,
,,,,,,,,,,,,,,
,,,,,,,,,,,,,,
,,,,,,,,,,,,,,
,,,,,,,,,,,,,,
,,,,,,,,,,,,,,
,,,,,,,,,,,,,,
,,,,,,,,,,,,,,
,,,,,,,,,,,,,,
,,,,,,,,,,,,,,
,,,,,,,,,,,,,,
,,,,,,,,,,,,,,
,,,,,,,,,,,,,,
,,,,,,,,,,,,,,
,,,,,,,,,,,,,,
,,,,,,,,,,,,,,
,,,,,,,,,,,,,,
,,,,,,,,,,,,,,
,,,,,,,,,,,,,,
,,,,,,,,,,,,,,
,,,,,,,,,,,,,,
,,,,,,,,,,,,,,
,,,,,,,,,,,,,,
,,,,,,,,,,,,,,
,,,,,,,,,,,,,,
,,,,,,,,,,,,,,
,,,,,,,,,,,,,,
,,,,,,,,,,,,,,
,,,,,,,,,,,,,,
,,,,,,,,,,,,,,
,,,,,,,,,,,,,,
,,,,,,,,,,,,,,
,,,,,,,,,,,,,,
,,,,,,,,,,,,,,
,,,,,,,,,,,,,,
,,,,,,,,,,,,,,
,,,,,,,,,,,,,,
,,,,,,,,,,,,,,
,,,,,,,,,,,,,,
,,,,,,,,,,,,,,
,,,,,,,,,,,,,,
,,,,,,,,,,,,,,
,,,,,,,,,,,,,,
,,,,,,,,,,,,,,
,,,,,,,,,,,,,,
,,,,,,,,,,,,,,
,,,,,,,,,,,,,,
,,,,,,,,,,,,,,
,,,,,,,,,,,,,,
,,,,,,,,,,,,,,
,,,,,,,,,,,,,,
,,,,,,,,,,,,,,
,,,,,,,,,,,,,,
,,,,,,,,,,,,,,
,,,,,,,,,,,,,,
,,,,,,,,,,,,,,
,,,,,,,,,,,,,,
,,,,,,,,,,,,,,
,,,,,,,,,,,,,,
,,,,,,,,,,,,,,
,,,,,,,,,,,,,,
,,,,,,,,,,,,,,
,,,,,,,,,,,,,,
,,,,,,,,,,,,,,
,,,,,,,,,,,,,,
,,,,,,,,,,,,,,
,,,,,,,,,,,,,,
,,,,,,,,,,,,,,
,,,,,,,,,,,,,,
,,,,,,,,,,,,,,
,,,,,,,,,,,,,,
,,,,,,,,,,,,,,
,,,,,,,,,,,,,,
,,,,,,,,,,,,,,
,,,,,,,,,,,,,,
,,,,,,,,,,,,,,
,,,,,,,,,,,,,,
,,,,,,,,,,,,,,
,,,,,,,,,,,,,,
,,,,,,,,,,,,,,
,,,,,,,,,,,,,,
,,,,,,,,,,,,,,
,,,,,,,,,,,,,,
,,,,,,,,,,,,,,
,,,,,,,,,,,,,,
,,,,,,,,,,,,,,
,,,,,,,,,,,,,,
,,,,,,,,,,,,,,
,,,,,,,,,,,,,,
,,,,,,,,,,,,,,
,,,,,,,,,,,,,,
,,,,,,,,,,,,,,
,,,,,,,,,,,,,,
,,,,,,,,,,,,,,
,,,,,,,,,,,,,,
,,,,,,,,,,,,,,
,,,,,,,,,,,,,,
,,,,,,,,,,,,,,
,,,,,,,,,,,,,,
,,,,,,,,,,,,,,
,,,,,,,,,,,,,,
,,,,,,,,,,,,,,
,,,,,,,,,,,,,,
,,,,,,,,,,,,,,
,,,,,,,,,,,,,,
,,,,,,,,,,,,,,
,,,,,,,,,,,,,,
,,,,,,,,,,,,,,
,,,,,,,,,,,,,,
,,,,,,,,,,,,,,
,,,,,,,,,,,,,,
,,,,,,,,,,,,,,
,,,,,,,,,,,,,,
,,,,,,,,,,,,,,
,,,,,,,,,,,,,,
,,,,,,,,,,,,,,
,,,,,,,,,,,,,,
,,,,,,,,,,,,,,
,,,,,,,,,,,,,,
,,,,,,,,,,,,,,
,,,,,,,,,,,,,,
,,,,,,,,,,,,,,
,,,,,,,,,,,,,,
,,,,,,,,,,,,,,
,,,,,,,,,,,,,,
,,,,,,,,,,,,,,
,,,,,,,,,,,,,,
,,,,,,,,,,,,,,
,,,,,,,,,,,,,,
,,,,,,,,,,,,,,
,,,,,,,,,,,,,,
,,,,,,,,,,,,,,
,,,,,,,,,,,,,,
,,,,,,,,,,,,,,
,,,,,,,,,,,,,,
,,,,,,,,,,,,,,
,,,,,,,,,,,,,,
,,,,,,,,,,,,,,
,,,,,,,,,,,,,,
,,,,,,,,,,,,,,
,,,,,,,,,,,,,,
,,,,,,,,,,,,,,
,,,,,,,,,,,,,,
,,,,,,,,,,,,,,
,,,,,,,,,,,,,,
,,,,,,,,,,,,,,
,,,,,,,,,,,,,,
,,,,,,,,,,,,,,
,,,,,,,,,,,,,,
,,,,,,,,,,,,,,
,,,,,,,,,,,,,,
,,,,,,,,,,,,,,
,,,,,,,,,,,,,,
,,,,,,,,,,,,,,
,,,,,,,,,,,,,,
,,,,,,,,,,,,,,
,,,,,,,,,,,,,,
,,,,,,,,,,,,,,
,,,,,,,,,,,,,,
,,,,,,,,,,,,,,
,,,,,,,,,,,,,,
,,,,,,,,,,,,,,
,,,,,,,,,,,,,,
,,,,,,,,,,,,,,
,,,,,,,,,,,,,,
,,,,,,,,,,,,,,
,,,,,,,,,,,,,,
,,,,,,,,,,,,,,
,,,,,,,,,,,,,,
,,,,,,,,,,,,,,
,,,,,,,,,,,,,,
,,,,,,,,,,,,,,
,,,,,,,,,,,,,,
,,,,,,,,,,,,,,
,,,,,,,,,,,,,,
,,,,,,,,,,,,,,
,,,,,,,,,,,,,,
,,,,,,,,,,,,,,
,,,,,,,,,,,,,,
,,,,,,,,,,,,,,
,,,,,,,,,,,,,,
,,,,,,,,,,,,,,
,,,,,,,,,,,,,,
,,,,,,,,,,,,,,
,,,,,,,,,,,,,,
,,,,,,,,,,,,,,
,,,,,,,,,,,,,,
,,,,,,,,,,,,,,
,,,,,,,,,,,,,,
,,,,,,,,,,,,,,
,,,,,,,,,,,,,,
,,,,,,,,,,,,,,
,,,,,,,,,,,,,,
,,,,,,,,,,,,,,
,,,,,,,,,,,,,,
,,,,,,,,,,,,,,
,,,,,,,,,,,,,,
,,,,,,,,,,,,,,
,,,,,,,,,,,,,,
,,,,,,,,,,,,,,
,,,,,,,,,,,,,,
,,,,,,,,,,,,,,
,,,,,,,,,,,,,,
,,,,,,,,,,,,,,
,,,,,,,,,,,,,,
,,,,,,,,,,,,,,
,,,,,,,,,,,,,,
,,,,,,,,,,,,,,
,,,,,,,,,,,,,,
,,,,,,,,,,,,,,
,,,,,,,,,,,,,,
,,,,,,,,,,,,,,
,,,,,,,,,,,,,,
,,,,,,,,,,,,,,
,,,,,,,,,,,,,,
,,,,,,,,,,,,,,
,,,,,,,,,,,,,,
,,,,,,,,,,,,,,
,,,,,,,,,,,,,,
,,,,,,,,,,,,,,
,,,,,,,,,,,,,,
,,,,,,,,,,,,,,
,,,,,,,,,,,,,,
,,,,,,,,,,,,,,
,,,,,,,,,,,,,,
,,,,,,,,,,,,,,
,,,,,,,,,,,,,,
,,,,,,,,,,,,,,
,,,,,,,,,,,,,,
,,,,,,,,,,,,,,
,,,,,,,,,,,,,,
,,,,,,,,,,,,,,
,,,,,,,,,,,,,,
,,,,,,,,,,,,,,
,,,,,,,,,,,,,,
,,,,,,,,,,,,,,
,,,,,,,,,,,,,,
,,,,,,,,,,,,,,
,,,,,,,,,,,,,,
,,,,,,,,,,,,,,
,,,,,,,,,,,,,,
,,,,,,,,,,,,,,
,,,,,,,,,,,,,,
,,,,,,,,,,,,,,
,,,,,,,,,,,,,,
,,,,,,,,,,,,,,
,,,,,,,,,,,,,,
,,,,,,,,,,,,,,
,,,,,,,,,,,,,,
,,,,,,,,,,,,,,
,,,,,,,,,,,,,,
,,,,,,,,,,,,,,
,,,,,,,,,,,,,,
,,,,,,,,,,,,,,
,,,,,,,,,,,,,,
,,,,,,,,,,,,,,
,,,,,,,,,,,,,,
,,,,,,,,,,,,,,
,,,,,,,,,,,,,,
,,,,,,,,,,,,,,
,,,,,,,,,,,,,,
,,,,,,,,,,,,,,
,,,,,,,,,,,,,,
,,,,,,,,,,,,,,
,,,,,,,,,,,,,,
,,,,,,,,,,,,,,
,,,,,,,,,,,,,,
,,,,,,,,,,,,,,
,,,,,,,,,,,,,,
,,,,,,,,,,,,,,
,,,,,,,,,,,,,,
,,,,,,,,,,,,,,
,,,,,,,,,,,,,,
,,,,,,,,,,,,,,
,,,,,,,,,,,,,,
,,,,,,,,,,,,,,
,,,,,,,,,,,,,,
,,,,,,,,,,,,,,
,,,,,,,,,,,,,,
,,,,,,,,,,,,,,
,,,,,,,,,,,,,,
,,,,,,,,,,,,,,
,,,,,,,,,,,,,,
,,,,,,,,,,,,,,
,,,,,,,,,,,,,,
,,,,,,,,,,,,,,
,,,,,,,,,,,,,,
,,,,,,,,,,,,,,
,,,,,,,,,,,,,,
,,,,,,,,,,,,,,
,,,,,,,,,,,,,,
,,,,,,,,,,,,,,
,,,,,,,,,,,,,,
,,,,,,,,,,,,,,
,,,,,,,,,,,,,,
,,,,,,,,,,,,,,
,,,,,,,,,,,,,,
,,,,,,,,,,,,,,
,,,,,,,,,,,,,,
,,,,,,,,,,,,,,
,,,,,,,,,,,,,,
,,,,,,,,,,,,,,
,,,,,,,,,,,,,,
,,,,,,,,,,,,,,
,,,,,,,,,,,,,,
,,,,,,,,,,,,,,
,,,,,,,,,,,,,,
,,,,,,,,,,,,,,
,,,,,,,,,,,,,,
,,,,,,,,,,,,,,
,,,,,,,,,,,,,,
,,,,,,,,,,,,,,
,,,,,,,,,,,,,,
,,,,,,,,,,,,,,
,,,,,,,,,,,,,,
,,,,,,,,,,,,,,
,,,,,,,,,,,,,,
,,,,,,,,,,,,,,
,,,,,,,,,,,,,,
,,,,,,,,,,,,,,
,,,,,,,,,,,,,,
,,,,,,,,,,,,,,
,,,,,,,,,,,,,,
,,,,,,,,,,,,,,
,,,,,,,,,,,,,,
,,,,,,,,,,,,,,
,,,,,,,,,,,,,,
,,,,,,,,,,,,,,
,,,,,,,,,,,,,,
,,,,,,,,,,,,,,
,,,,,,,,,,,,,,
,,,,,,,,,,,,,,
,,,,,,,,,,,,,,
,,,,,,,,,,,,,,
,,,,,,,,,,,,,,
,,,,,,,,,,,,,,
,,,,,,,,,,,,,,
,,,,,,,,,,,,,,
,,,,,,,,,,,,,,
,,,,,,,,,,,,,,
,,,,,,,,,,,,,,
,,,,,,,,,,,,,,
,,,,,,,,,,,,,,
,,,,,,,,,,,,,,
,,,,,,,,,,,,,,
,,,,,,,,,,,,,,
,,,,,,,,,,,,,,
,,,,,,,,,,,,,,
,,,,,,,,,,,,,,
,,,,,,,,,,,,,,
,,,,,,,,,,,,,,
,,,,,,,,,,,,,,
,,,,,,,,,,,,,,
,,,,,,,,,,,,,,
,,,,,,,,,,,,,,
,,,,,,,,,,,,,,
,,,,,,,,,,,,,,
,,,,,,,,,,,,,,
,,,,,,,,,,,,,,
,,,,,,,,,,,,,,
,,,,,,,,,,,,,,
,,,,,,,,,,,,,,
,,,,,,,,,,,,,,
,,,,,,,,,,,,,,
,,,,,,,,,,,,,,
,,,,,,,,,,,,,,
,,,,,,,,,,,,,,
,,,,,,,,,,,,,,
,,,,,,,,,,,,,,
,,,,,,,,,,,,,,
,,,,,,,,,,,,,,
,,,,,,,,,,,,,,
,,,,,,,,,,,,,,
,,,,,,,,,,,,,,
,,,,,,,,,,,,,,
,,,,,,,,,,,,,,
,,,,,,,,,,,,,,
,,,,,,,,,,,,,,
,,,,,,,,,,,,,,
,,,,,,,,,,,,,,
,,,,,,,,,,,,,,
,,,,,,,,,,,,,,
,,,,,,,,,,,,,,
,,,,,,,,,,,,,,
,,,,,,,,,,,,,,
,,,,,,,,,,,,,,
,,,,,,,,,,,,,,
,,,,,,,,,,,,,,
,,,,,,,,,,,,,,
,,,,,,,,,,,,,,
,,,,,,,,,,,,,,
,,,,,,,,,,,,,,
,,,,,,,,,,,,,,
,,,,,,,,,,,,,,
,,,,,,,,,,,,,,
,,,,,,,,,,,,,,
,,,,,,,,,,,,,,
,,,,,,,,,,,,,,
,,,,,,,,,,,,,,
,,,,,,,,,,,,,,
,,,,,,,,,,,,,,
,,,,,,,,,,,,,,
,,,,,,,,,,,,,,
,,,,,,,,,,,,,,
,,,,,,,,,,,,,,
,,,,,,,,,,,,,,
,,,,,,,,,,,,,,
,,,,,,,,,,,,,,
,,,,,,,,,,,,,,
,,,,,,,,,,,,,,
,,,,,,,,,,,,,,
,,,,,,,,,,,,,,
,,,,,,,,,,,,,,
,,,,,,,,,,,,,,
,,,,,,,,,,,,,,
,,,,,,,,,,,,,,
,,,,,,,,,,,,,,
,,,,,,,,,,,,,,
,,,,,,,,,,,,,,
,,,,,,,,,,,,,,
,,,,,,,,,,,,,,
,,,,,,,,,,,,,,
,,,,,,,,,,,,,,
,,,,,,,,,,,,,,
,,,,,,,,,,,,,,
,,,,,,,,,,,,,,
,,,,,,,,,,,,,,
,,,,,,,,,,,,,,
,,,,,,,,,,,,,,
,,,,,,,,,,,,,,
,,,,,,,,,,,,,,
,,,,,,,,,,,,,,
,,,,,,,,,,,,,,
,,,,,,,,,,,,,,
,,,,,,,,,,,,,,
,,,,,,,,,,,,,,
,,,,,,,,,,,,,,
,,,,,,,,,,,,,,
,,,,,,,,,,,,,,
,,,,,,,,,,,,,,
,,,,,,,,,,,,,,
,,,,,,,,,,,,,,
,,,,,,,,,,,,,,
,,,,,,,,,,,,,,
,,,,,,,,,,,,,,
,,,,,,,,,,,,,,
,,,,,,,,,,,,,,
,,,,,,,,,,,,,,
,,,,,,,,,,,,,,
,,,,,,,,,,,,,,
,,,,,,,,,,,,,,
,,,,,,,,,,,,,,
,,,,,,,,,,,,,,
,,,,,,,,,,,,,,
,,,,,,,,,,,,,,
,,,,,,,,,,,,,,
,,,,,,,,,,,,,,
,,,,,,,,,,,,,,
,,,,,,,,,,,,,,
,,,,,,,,,,,,,,
,,,,,,,,,,,,,,
,,,,,,,,,,,,,,
,,,,,,,,,,,,,,
,,,,,,,,,,,,,,
,,,,,,,,,,,,,,
,,,,,,,,,,,,,,
,,,,,,,,,,,,,,
,,,,,,,,,,,,,,
,,,,,,,,,,,,,,
,,,,,,,,,,,,,,
,,,,,,,,,,,,,,
,,,,,,,,,,,,,,
,,,,,,,,,,,,,,
,,,,,,,,,,,,,,
,,,,,,,,,,,,,,
,,,,,,,,,,,,,,
,,,,,,,,,,,,,,
,,,,,,,,,,,,,,
,,,,,,,,,,,,,,
,,,,,,,,,,,,,,
,,,,,,,,,,,,,,
,,,,,,,,,,,,,,
,,,,,,,,,,,,,,
,,,,,,,,,,,,,,
,,,,,,,,,,,,,,
,,,,,,,,,,,,,,
,,,,,,,,,,,,,,
,,,,,,,,,,,,,,
,,,,,,,,,,,,,,
,,,,,,,,,,,,,,
,,,,,,,,,,,,,,
,,,,,,,,,,,,,,
,,,,,,,,,,,,,,
,,,,,,,,,,,,,,
,,,,,,,,,,,,,,
,,,,,,,,,,,,,,
,,,,,,,,,,,,,,
,,,,,,,,,,,,,,
,,,,,,,,,,,,,,
,,,,,,,,,,,,,,
,,,,,,,,,,,,,,
,,,,,,,,,,,,,,
,,,,,,,,,,,,,,
,,,,,,,,,,,,,,
,,,,,,,,,,,,,,
,,,,,,,,,,,,,,
,,,,,,,,,,,,,,
,,,,,,,,,,,,,,
,,,,,,,,,,,,,,
,,,,,,,,,,,,,,
,,,,,,,,,,,,,,
,,,,,,,,,,,,,,
,,,,,,,,,,,,,,
,,,,,,,,,,,,,,
,,,,,,,,,,,,,,
,,,,,,,,,,,,,,
,,,,,,,,,,,,,,
,,,,,,,,,,,,,,
,,,,,,,,,,,,,,
,,,,,,,,,,,,,,
,,,,,,,,,,,,,,
,,,,,,,,,,,,,,
,,,,,,,,,,,,,,
,,,,,,,,,,,,,,
,,,,,,,,,,,,,,
,,,,,,,,,,,,,,
,,,,,,,,,,,,,,
,,,,,,,,,,,,,,
,,,,,,,,,,,,,,
,,,,,,,,,,,,,,
,,,,,,,,,,,,,,
,,,,,,,,,,,,,,
,,,,,,,,,,,,,,
,,,,,,,,,,,,,,
,,,,,,,,,,,,,,
,,,,,,,,,,,,,,
,,,,,,,,,,,,,,
,,,,,,,,,,,,,,
,,,,,,,,,,,,,,
,,,,,,,,,,,,,,
,,,,,,,,,,,,,,
,,,,,,,,,,,,,,
,,,,,,,,,,,,,,
,,,,,,,,,,,,,,
,,,,,,,,,,,,,,
,,,,,,,,,,,,,,
,,,,,,,,,,,,,,
,,,,,,,,,,,,,,
,,,,,,,,,,,,,,
,,,,,,,,,,,,,,
,,,,,,,,,,,,,,
,,,,,,,,,,,,,,
,,,,,,,,,,,,,,
,,,,,,,,,,,,,,
,,,,,,,,,,,,,,
,,,,,,,,,,,,,,
,,,,,,,,,,,,,,
,,,,,,,,,,,,,,
,,,,,,,,,,,,,,
,,,,,,,,,,,,,,
,,,,,,,,,,,,,,
,,,,,,,,,,,,,,
,,,,,,,,,,,,,,
,,,,,,,,,,,,,,
,,,,,,,,,,,,,,
,,,,,,,,,,,,,,
,,,,,,,,,,,,,,
,,,,,,,,,,,,,,
,,,,,,,,,,,,,,
,,,,,,,,,,,,,,
,,,,,,,,,,,,,,
,,,,,,,,,,,,,,
,,,,,,,,,,,,,,
,,,,,,,,,,,,,,
,,,,,,,,,,,,,,
,,,,,,,,,,,,,,
,,,,,,,,,,,,,,
,,,,,,,,,,,,,,
,,,,,,,,,,,,,,
,,,,,,,,,,,,,,
,,,,,,,,,,,,,,
,,,,,,,,,,,,,,
,,,,,,,,,,,,,,
,,,,,,,,,,,,,,
,,,,,,,,,,,,,,
,,,,,,,,,,,,,,
,,,,,,,,,,,,,,
,,,,,,,,,,,,,,
,,,,,,,,,,,,,,
,,,,,,,,,,,,,,
,,,,,,,,,,,,,,
,,,,,,,,,,,,,,
,,,,,,,,,,,,,,
,,,,,,,,,,,,,,
,,,,,,,,,,,,,,
,,,,,,,,,,,,,,
,,,,,,,,,,,,,,
,,,,,,,,,,,,,,
,,,,,,,,,,,,,,
,,,,,,,,,,,,,,
,,,,,,,,,,,,,,
,,,,,,,,,,,,,,
,,,,,,,,,,,,,,
,,,,,,,,,,,,,,
,,,,,,,,,,,,,,
,,,,,,,,,,,,,,
,,,,,,,,,,,,,,
,,,,,,,,,,,,,,
,,,,,,,,,,,,,,
,,,,,,,,,,,,,,
,,,,,,,,,,,,,,
,,,,,,,,,,,,,,
,,,,,,,,,,,,,,
,,,,,,,,,,,,,,
,,,,,,,,,,,,,,
,,,,,,,,,,,,,,
,,,,,,,,,,,,,,
,,,,,,,,,,,,,,
,,,,,,,,,,,,,,
,,,,,,,,,,,,,,
,,,,,,,,,,,,,,
,,,,,,,,,,,,,,
,,,,,,,,,,,,,,
,,,,,,,,,,,,,,
,,,,,,,,,,,,,,
,,,,,,,,,,,,,,
,,,,,,,,,,,,,,
,,,,,,,,,,,,,,
,,,,,,,,,,,,,,
,,,,,,,,,,,,,,
,,,,,,,,,,,,,,
,,,,,,,,,,,,,,
,,,,,,,,,,,,,,
,,,,,,,,,,,,,,
,,,,,,,,,,,,,,
,,,,,,,,,,,,,,
,,,,,,,,,,,,,,
,,,,,,,,,,,,,,
,,,,,,,,,,,,,,
,,,,,,,,,,,,,,
,,,,,,,,,,,,,,
,,,,,,,,,,,,,,
,,,,,,,,,,,,,,
,,,,,,,,,,,,,,
,,,,,,,,,,,,,,
,,,,,,,,,,,,,,
,,,,,,,,,,,,,,
,,,,,,,,,,,,,,
,,,,,,,,,,,,,,
,,,,,,,,,,,,,,
,,,,,,,,,,,,,,
,,,,,,,,,,,,,,
,,,,,,,,,,,,,,
,,,,,,,,,,,,,,
,,,,,,,,,,,,,,
,,,,,,,,,,,,,,
,,,,,,,,,,,,,,
,,,,,,,,,,,,,,
,,,,,,,,,,,,,,
,,,,,,,,,,,,,,
,,,,,,,,,,,,,,
,,,,,,,,,,,,,,
,,,,,,,,,,,,,,
,,,,,,,,,,,,,,
,,,,,,,,,,,,,,
,,,,,,,,,,,,,,
,,,,,,,,,,,,,,
,,,,,,,,,,,,,,
,,,,,,,,,,,,,,
,,,,,,,,,,,,,,
,,,,,,,,,,,,,,
,,,,,,,,,,,,,,
,,,,,,,,,,,,,,
,,,,,,,,,,,,,,
,,,,,,,,,,,,,,
,,,,,,,,,,,,,,
,,,,,,,,,,,,,,
,,,,,,,,,,,,,,
,,,,,,,,,,,,,,
,,,,,,,,,,,,,,
,,,,,,,,,,,,,,
,,,,,,,,,,,,,,
,,,,,,,,,,,,,,
,,,,,,,,,,,,,,
,,,,,,,,,,,,,,
,,,,,,,,,,,,,,
,,,,,,,,,,,,,,
,,,,,,,,,,,,,,
,,,,,,,,,,,,,,
,,,,,,,,,,,,,,
,,,,,,,,,,,,,,
,,,,,,,,,,,,,,
,,,,,,,,,,,,,,
,,,,,,,,,,,,,,
,,,,,,,,,,,,,,
,,,,,,,,,,,,,,
,,,,,,,,,,,,,,
,,,,,,,,,,,,,,
,,,,,,,,,,,,,,
,,,,,,,,,,,,,,
,,,,,,,,,,,,,,
,,,,,,,,,,,,,,
,,,,,,,,,,,,,,
,,,,,,,,,,,,,,
,,,,,,,,,,,,,,
,,,,,,,,,,,,,,
,,,,,,,,,,,,,,
,,,,,,,,,,,,,,
,,,,,,,,,,,,,,
,,,,,,,,,,,,,,
,,,,,,,,,,,,,,
,,,,,,,,,,,,,,
,,,,,,,,,,,,,,
,,,,,,,,,,,,,,
,,,,,,,,,,,,,,
,,,,,,,,,,,,,,
,,,,,,,,,,,,,,
,,,,,,,,,,,,,,
,,,,,,,,,,,,,,
,,,,,,,,,,,,,,
,,,,,,,,,,,,,,
,,,,,,,,,,,,,,
,,,,,,,,,,,,,,
,,,,,,,,,,,,,,
,,,,,,,,,,,,,,
,,,,,,,,,,,,,,
,,,,,,,,,,,,,,
,,,,,,,,,,,,,,
,,,,,,,,,,,,,,
,,,,,,,,,,,,,,
,,,,,,,,,,,,,,
,,,,,,,,,,,,,,
,,,,,,,,,,,,,,
,,,,,,,,,,,,,,
,,,,,,,,,,,,,,
,,,,,,,,,,,,,,
,,,,,,,,,,,,,,
,,,,,,,,,,,,,,
,,,,,,,,,,,,,,
,,,,,,,,,,,,,,
,,,,,,,,,,,,,,
,,,,,,,,,,,,,,
,,,,,,,,,,,,,,
,,,,,,,,,,,,,,
,,,,,,,,,,,,,,
,,,,,,,,,,,,,,
,,,,,,,,,,,,,,
,,,,,,,,,,,,,,
,,,,,,,,,,,,,,
,,,,,,,,,,,,,,
,,,,,,,,,,,,,,
,,,,,,,,,,,,,,
,,,,,,,,,,,,,,
,,,,,,,,,,,,,,
,,,,,,,,,,,,,,
,,,,,,,,,,,,,,
,,,,,,,,,,,,,,
,,,,,,,,,,,,,,
,,,,,,,,,,,,,,
,,,,,,,,,,,,,,
,,,,,,,,,,,,,,
,,,,,,,,,,,,,,
,,,,,,,,,,,,,,
,,,,,,,,,,,,,,
,,,,,,,,,,,,,,
,,,,,,,,,,,,,,
,,,,,,,,,,,,,,
,,,,,,,,,,,,,,
,,,,,,,,,,,,,,
,,,,,,,,,,,,,,
,,,,,,,,,,,,,,
,,,,,,,,,,,,,,
,,,,,,,,,,,,,,
,,,,,,,,,,,,,,
,,,,,,,,,,,,,,
,,,,,,,,,,,,,,
,,,,,,,,,,,,,,
,,,,,,,,,,,,,,
,,,,,,,,,,,,,,
,,,,,,,,,,,,,,
,,,,,,,,,,,,,,
,,,,,,,,,,,,,,
,,,,,,,,,,,,,,
,,,,,,,,,,,,,,
,,,,,,,,,,,,,,
,,,,,,,,,,,,,,
,,,,,,,,,,,,,,
,,,,,,,,,,,,,,
,,,,,,,,,,,,,,
,,,,,,,,,,,,,,
,,,,,,,,,,,,,,
,,,,,,,,,,,,,,
,,,,,,,,,,,,,,
,,,,,,,,,,,,,,
,,,,,,,,,,,,,,
,,,,,,,,,,,,,,
,,,,,,,,,,,,,,
,,,,,,,,,,,,,,
,,,,,,,,,,,,,,
,,,,,,,,,,,,,,
,,,,,,,,,,,,,,
,,,,,,,,,,,,,,
,,,,,,,,,,,,,,
,,,,,,,,,,,,,,
,,,,,,,,,,,,,,
,,,,,,,,,,,,,,
,,,,,,,,,,,,,,
,,,,,,,,,,,,,,
,,,,,,,,,,,,,,
,,,,,,,,,,,,,,
,,,,,,,,,,,,,,
,,,,,,,,,,,,,,
,,,,,,,,,,,,,,
,,,,,,,,,,,,,,
,,,,,,,,,,,,,,
,,,,,,,,,,,,,,
,,,,,,,,,,,,,,
,,,,,,,,,,,,,,
,,,,,,,,,,,,,,
,,,,,,,,,,,,,,
,,,,,,,,,,,,,,
,,,,,,,,,,,,,,
,,,,,,,,,,,,,,
,,,,,,,,,,,,,,
,,,,,,,,,,,,,,
,,,,,,,,,,,,,,
,,,,,,,,,,,,,,
,,,,,,,,,,,,,,
,,,,,,,,,,,,,,
,,,,,,,,,,,,,,
,,,,,,,,,,,,,,
,,,,,,,,,,,,,,
,,,,,,,,,,,,,,
,,,,,,,,,,,,,,
,,,,,,,,,,,,,,
,,,,,,,,,,,,,,
,,,,,,,,,,,,,,
,,,,,,,,,,,,,,
,,,,,,,,,,,,,,
,,,,,,,,,,,,,,
,,,,,,,,,,,,,,
,,,,,,,,,,,,,,
,,,,,,,,,,,,,,
,,,,,,,,,,,,,,
,,,,,,,,,,,,,,
,,,,,,,,,,,,,,
,,,,,,,,,,,,,,
,,,,,,,,,,,,,,
,,,,,,,,,,,,,,
,,,,,,,,,,,,,,
,,,,,,,,,,,,,,
,,,,,,,,,,,,,,
,,,,,,,,,,,,,,
,,,,,,,,,,,,,,
,,,,,,,,,,,,,,
,,,,,,,,,,,,,,
,,,,,,,,,,,,,,
,,,,,,,,,,,,,,
,,,,,,,,,,,,,,
,,,,,,,,,,,,,,
,,,,,,,,,,,,,,
,,,,,,,,,,,,,,
,,,,,,,,,,,,,,
,,,,,,,,,,,,,,
,,,,,,,,,,,,,,
,,,,,,,,,,,,,,
,,,,,,,,,,,,,,
,,,,,,,,,,,,,,
,,,,,,,,,,,,,,
,,,,,,,,,,,,,,
,,,,,,,,,,,,,,
,,,,,,,,,,,,,,
,,,,,,,,,,,,,,
,,,,,,,,,,,,,,
,,,,,,,,,,,,,,
,,,,,,,,,,,,,,
,,,,,,,,,,,,,,
,,,,,,,,,,,,,,
,,,,,,,,,,,,,,
,,,,,,,,,,,,,,
,,,,,,,,,,,,,,
,,,,,,,,,,,,,,
,,,,,,,,,,,,,,
,,,,,,,,,,,,,,
,,,,,,,,,,,,,,
,,,,,,,,,,,,,,
,,,,,,,,,,,,,,
,,,,,,,,,,,,,,
,,,,,,,,,,,,,,
,,,,,,,,,,,,,,
,,,,,,,,,,,,,,
,,,,,,,,,,,,,,
,,,,,,,,,,,,,,
,,,,,,,,,,,,,,
,,,,,,,,,,,,,,
,,,,,,,,,,,,,,
,,,,,,,,,,,,,,
,,,,,,,,,,,,,,
,,,,,,,,,,,,,,
,,,,,,,,,,,,,,
,,,,,,,,,,,,,,
,,,,,,,,,,,,,,
,,,,,,,,,,,,,,
,,,,,,,,,,,,,,
,,,,,,,,,,,,,,
,,,,,,,,,,,,,,
,,,,,,,,,,,,,,
,,,,,,,,,,,,,,
,,,,,,,,,,,,,,
,,,,,,,,,,,,,,
,,,,,,,,,,,,,,
,,,,,,,,,,,,,,
,,,,,,,,,,,,,,
,,,,,,,,,,,,,,
,,,,,,,,,,,,,,
,,,,,,,,,,,,,,
,,,,,,,,,,,,,,
,,,,,,,,,,,,,,
,,,,,,,,,,,,,,
,,,,,,,,,,,,,,
,,,,,,,,,,,,,,
,,,,,,,,,,,,,,
,,,,,,,,,,,,,,
,,,,,,,,,,,,,,
,,,,,,,,,,,,,,
,,,,,,,,,,,,,,
,,,,,,,,,,,,,,
,,,,,,,,,,,,,,
,,,,,,,,,,,,,,
,,,,,,,,,,,,,,
,,,,,,,,,,,,,,
,,,,,,,,,,,,,,
,,,,,,,,,,,,,,
,,,,,,,,,,,,,,
,,,,,,,,,,,,,,
,,,,,,,,,,,,,,
,,,,,,,,,,,,,,
,,,,,,,,,,,,,,
,,,,,,,,,,,,,,
,,,,,,,,,,,,,,
,,,,,,,,,,,,,,
,,,,,,,,,,,,,,
,,,,,,,,,,,,,,
,,,,,,,,,,,,,,
,,,,,,,,,,,,,,
,,,,,,,,,,,,,,
,,,,,,,,,,,,,,
,,,,,,,,,,,,,,
,,,,,,,,,,,,,,
,,,,,,,,,,,,,,
,,,,,,,,,,,,,,
,,,,,,,,,,,,,,
,,,,,,,,,,,,,,
,,,,,,,,,,,,,,
,,,,,,,,,,,,,,
,,,,,,,,,,,,,,
,,,,,,,,,,,,,,
,,,,,,,,,,,,,,
,,,,,,,,,,,,,,
,,,,,,,,,,,,,,
,,,,,,,,,,,,,,
,,,,,,,,,,,,,,
,,,,,,,,,,,,,,
,,,,,,,,,,,,,,
,,,,,,,,,,,,,,
,,,,,,,,,,,,,,
,,,,,,,,,,,,,,
,,,,,,,,,,,,,,
,,,,,,,,,,,,,,
,,,,,,,,,,,,,,
,,,,,,,,,,,,,,
,,,,,,,,,,,,,,
,,,,,,,,,,,,,,
,,,,,,,,,,,,,,
,,,,,,,,,,,,,,
,,,,,,,,,,,,,,
,,,,,,,,,,,,,,
,,,,,,,,,,,,,,
,,,,,,,,,,,,,,
,,,,,,,,,,,,,,
,,,,,,,,,,,,,,
,,,,,,,,,,,,,,
,,,,,,,,,,,,,,
,,,,,,,,,,,,,,
,,,,,,,,,,,,,,
,,,,,,,,,,,,,,
,,,,,,,,,,,,,,
,,,,,,,,,,,,,,
,,,,,,,,,,,,,,
,,,,,,,,,,,,,,
,,,,,,,,,,,,,,
,,,,,,,,,,,,,,
,,,,,,,,,,,,,,
,,,,,,,,,,,,,,
,,,,,,,,,,,,,,
,,,,,,,,,,,,,,
,,,,,,,,,,,,,,
,,,,,,,,,,,,,,
,,,,,,,,,,,,,,
,,,,,,,,,,,,,,
,,,,,,,,,,,,,,
,,,,,,,,,,,,,,
,,,,,,,,,,,,,,
,,,,,,,,,,,,,,
,,,,,,,,,,,,,,
,,,,,,,,,,,,,,
,,,,,,,,,,,,,,
,,,,,,,,,,,,,,
,,,,,,,,,,,,,,
,,,,,,,,,,,,,,
,,,,,,,,,,,,,,
,,,,,,,,,,,,,,
,,,,,,,,,,,,,,
,,,,,,,,,,,,,,
,,,,,,,,,,,,,,
,,,,,,,,,,,,,,
,,,,,,,,,,,,,,
,,,,,,,,,,,,,,
,,,,,,,,,,,,,,
,,,,,,,,,,,,,,
,,,,,,,,,,,,,,
,,,,,,,,,,,,,,
,,,,,,,,,,,,,,
,,,,,,,,,,,,,,
,,,,,,,,,,,,,,
,,,,,,,,,,,,,,
,,,,,,,,,,,,,,
,,,,,,,,,,,,,,
,,,,,,,,,,,,,,
,,,,,,,,,,,,,,
,,,,,,,,,,,,,,
,,,,,,,,,,,,,,
,,,,,,,,,,,,,,
,,,,,,,,,,,,,,
,,,,,,,,,,,,,,
,,,,,,,,,,,,,,
,,,,,,,,,,,,,,
,,,,,,,,,,,,,,
,,,,,,,,,,,,,,
,,,,,,,,,,,,,,
,,,,,,,,,,,,,,
,,,,,,,,,,,,,,
,,,,,,,,,,,,,,
,,,,,,,,,,,,,,
,,,,,,,,,,,,,,
,,,,,,,,,,,,,,
,,,,,,,,,,,,,,
,,,,,,,,,,,,,,
,,,,,,,,,,,,,,
,,,,,,,,,,,,,,
,,,,,,,,,,,,,,
,,,,,,,,,,,,,,
,,,,,,,,,,,,,,
,,,,,,,,,,,,,,
,,,,,,,,,,,,,,
,,,,,,,,,,,,,,
,,,,,,,,,,,,,,
,,,,,,,,,,,,,,
,,,,,,,,,,,,,,
,,,,,,,,,,,,,,
,,,,,,,,,,,,,,
,,,,,,,,,,,,,,
,,,,,,,,,,,,,,
,,,,,,,,,,,,,,
,,,,,,,,,,,,,,
,,,,,,,,,,,,,,
,,,,,,,,,,,,,,
,,,,,,,,,,,,,,
,,,,,,,,,,,,,,
,,,,,,,,,,,,,,
,,,,,,,,,,,,,,
,,,,,,,,,,,,,,
,,,,,,,,,,,,,,
,,,,,,,,,,,,,,
,,,,,,,,,,,,,,
,,,,,,,,,,,,,,
,,,,,,,,,,,,,,
,,,,,,,,,,,,,,
,,,,,,,,,,,,,,
,,,,,,,,,,,,,,
,,,,,,,,,,,,,,
,,,,,,,,,,,,,,
,,,,,,,,,,,,,,
,,,,,,,,,,,,,,
,,,,,,,,,,,,,,
,,,,,,,,,,,,,,
,,,,,,,,,,,,,,
,,,,,,,,,,,,,,
,,,,,,,,,,,,,,
,,,,,,,,,,,,,,
,,,,,,,,,,,,,,
,,,,,,,,,,,,,,
,,,,,,,,,,,,,,
,,,,,,,,,,,,,,
,,,,,,,,,,,,,,
,,,,,,,,,,,,,,
,,,,,,,,,,,,,,
,,,,,,,,,,,,,,
,,,,,,,,,,,,,,
,,,,,,,,,,,,,,
,,,,,,,,,,,,,,
,,,,,,,,,,,,,,
,,,,,,,,,,,,,,
,,,,,,,,,,,,,,
,,,,,,,,,,,,,,
,,,,,,,,,,,,,,
,,,,,,,,,,,,,,
,,,,,,,,,,,,,,
,,,,,,,,,,,,,,
,,,,,,,,,,,,,,
,,,,,,,,,,,,,,
,,,,,,,,,,,,,,
,,,,,,,,,,,,,,
,,,,,,,,,,,,,,
,,,,,,,,,,,,,,
,,,,,,,,,,,,,,
,,,,,,,,,,,,,,
,,,,,,,,,,,,,,
,,,,,,,,,,,,,,
,,,,,,,,,,,,,,
,,,,,,,,,,,,,,
,,,,,,,,,,,,,,
,,,,,,,,,,,,,,
,,,,,,,,,,,,,,
,,,,,,,,,,,,,,
,,,,,,,,,,,,,,
,,,,,,,,,,,,,,
,,,,,,,,,,,,,,
,,,,,,,,,,,,,,
,,,,,,,,,,,,,,
,,,,,,,,,,,,,,
,,,,,,,,,,,,,,
,,,,,,,,,,,,,,
,,,,,,,,,,,,,,
,,,,,,,,,,,,,,
,,,,,,,,,,,,,,
,,,,,,,,,,,,,,
,,,,,,,,,,,,,,
,,,,,,,,,,,,,,
,,,,,,,,,,,,,,
,,,,,,,,,,,,,,
,,,,,,,,,,,,,,
,,,,,,,,,,,,,,
,,,,,,,,,,,,,,
,,,,,,,,,,,,,,
,,,,,,,,,,,,,,
,,,,,,,,,,,,,,
,,,,,,,,,,,,,,
,,,,,,,,,,,,,,
,,,,,,,,,,,,,,
,,,,,,,,,,,,,,
,,,,,,,,,,,,,,
,,,,,,,,,,,,,,
,,,,,,,,,,,,,,
,,,,,,,,,,,,,,
,,,,,,,,,,,,,,
,,,,,,,,,,,,,,
,,,,,,,,,,,,,,
,,,,,,,,,,,,,,
,,,,,,,,,,,,,,
,,,,,,,,,,,,,,
,,,,,,,,,,,,,,
,,,,,,,,,,,,,,
,,,,,,,,,,,,,,
,,,,,,,,,,,,,,
,,,,,,,,,,,,,,
,,,,,,,,,,,,,,
,,,,,,,,,,,,,,
,,,,,,,,,,,,,,
,,,,,,,,,,,,,,
,,,,,,,,,,,,,,
,,,,,,,,,,,,,,
,,,,,,,,,,,,,,
,,,,,,,,,,,,,,
,,,,,,,,,,,,,,
,,,,,,,,,,,,,,
,,,,,,,,,,,,,,
,,,,,,,,,,,,,,
,,,,,,,,,,,,,,
,,,,,,,,,,,,,,
,,,,,,,,,,,,,,
,,,,,,,,,,,,,,
,,,,,,,,,,,,,,
,,,,,,,,,,,,,,
,,,,,,,,,,,,,,
,,,,,,,,,,,,,,
,,,,,,,,,,,,,,
,,,,,,,,,,,,,,
,,,,,,,,,,,,,,
,,,,,,,,,,,,,,
,,,,,,,,,,,,,,
,,,,,,,,,,,,,,
,,,,,,,,,,,,,,
,,,,,,,,,,,,,,
,,,,,,,,,,,,,,
,,,,,,,,,,,,,,
,,,,,,,,,,,,,,
,,,,,,,,,,,,,,
,,,,,,,,,,,,,,
,,,,,,,,,,,,,,
,,,,,,,,,,,,,,
,,,,,,,,,,,,,,
,,,,,,,,,,,,,,
,,,,,,,,,,,,,,
,,,,,,,,,,,,,,
,,,,,,,,,,,,,,
,,,,,,,,,,,,,,
,,,,,,,,,,,,,,
,,,,,,,,,,,,,,
,,,,,,,,,,,,,,
,,,,,,,,,,,,,,
,,,,,,,,,,,,,,
,,,,,,,,,,,,,,
,,,,,,,,,,,,,,
,,,,,,,,,,,,,,
,,,,,,,,,,,,,,
,,,,,,,,,,,,,,
,,,,,,,,,,,,,,
,,,,,,,,,,,,,,
,,,,,,,,,,,,,,
,,,,,,,,,,,,,,
,,,,,,,,,,,,,,
,,,,,,,,,,,,,,
,,,,,,,,,,,,,,
,,,,,,,,,,,,,,
,,,,,,,,,,,,,,
,,,,,,,,,,,,,,
,,,,,,,,,,,,,,
,,,,,,,,,,,,,,
,,,,,,,,,,,,,,
,,,,,,,,,,,,,,
,,,,,,,,,,,,,,
,,,,,,,,,,,,,,
,,,,,,,,,,,,,,
,,,,,,,,,,,,,,
,,,,,,,,,,,,,,
,,,,,,,,,,,,,,
,,,,,,,,,,,,,,
,,,,,,,,,,,,,,
,,,,,,,,,,,,,,
,,,,,,,,,,,,,,
,,,,,,,,,,,,,,
,,,,,,,,,,,,,,
,,,,,,,,,,,,,,
,,,,,,,,,,,,,,
,,,,,,,,,,,,,,
,,,,,,,,,,,,,,
,,,,,,,,,,,,,,
,,,,,,,,,,,,,,
,,,,,,,,,,,,,,
,,,,,,,,,,,,,,
,,,,,,,,,,,,,,
,,,,,,,,,,,,,,
,,,,,,,,,,,,,,
,,,,,,,,,,,,,,
,,,,,,,,,,,,,,
,,,,,,,,,,,,,,
,,,,,,,,,,,,,,
,,,,,,,,,,,,,,
,,,,,,,,,,,,,,
,,,,,,,,,,,,,,
,,,,,,,,,,,,,,
,,,,,,,,,,,,,,
,,,,,,,,,,,,,,
,,,,,,,,,,,,,,
,,,,,,,,,,,,,,
,,,,,,,,,,,,,,
,,,,,,,,,,,,,,
,,,,,,,,,,,,,,
,,,,,,,,,,,,,,
,,,,,,,,,,,,,,
,,,,,,,,,,,,,,
,,,,,,,,,,,,,,
,,,,,,,,,,,,,,
,,,,,,,,,,,,,,
,,,,,,,,,,,,,,
,,,,,,,,,,,,,,
,,,,,,,,,,,,,,
,,,,,,,,,,,,,,
,,,,,,,,,,,,,,
,,,,,,,,,,,,,,
,,,,,,,,,,,,,,
,,,,,,,,,,,,,,
,,,,,,,,,,,,,,
,,,,,,,,,,,,,,
,,,,,,,,,,,,,,
,,,,,,,,,,,,,,
,,,,,,,,,,,,,,
,,,,,,,,,,,,,,
,,,,,,,,,,,,,,
,,,,,,,,,,,,,,
,,,,,,,,,,,,,,
,,,,,,,,,,,,,,
,,,,,,,,,,,,,,
,,,,,,,,,,,,,,
,,,,,,,,,,,,,,
,,,,,,,,,,,,,,
,,,,,,,,,,,,,,
,,,,,,,,,,,,,,
,,,,,,,,,,,,,,
,,,,,,,,,,,,,,
,,,,,,,,,,,,,,
,,,,,,,,,,,,,,
,,,,,,,,,,,,,,
,,,,,,,,,,,,,,
,,,,,,,,,,,,,,
,,,,,,,,,,,,,,
,,,,,,,,,,,,,,
,,,,,,,,,,,,,,
,,,,,,,,,,,,,,
,,,,,,,,,,,,,,
,,,,,,,,,,,,,,
,,,,,,,,,,,,,,
,,,,,,,,,,,,,,
,,,,,,,,,,,,,,
,,,,,,,,,,,,,,
,,,,,,,,,,,,,,
,,,,,,,,,,,,,,
,,,,,,,,,,,,,,
,,,,,,,,,,,,,,
,,,,,,,,,,,,,,
,,,,,,,,,,,,,,
,,,,,,,,,,,,,,
,,,,,,,,,,,,,,
,,,,,,,,,,,,,,
,,,,,,,,,,,,,,
,,,,,,,,,,,,,,
,,,,,,,,,,,,,,
,,,,,,,,,,,,,,
,,,,,,,,,,,,,,
,,,,,,,,,,,,,,
,,,,,,,,,,,,,,
,,,,,,,,,,,,,,
,,,,,,,,,,,,,,
,,,,,,,,,,,,,,
,,,,,,,,,,,,,,
,,,,,,,,,,,,,,
,,,,,,,,,,,,,,